"Country","WHO_region","Week_order","humidity","temperature","windspeed","people_fully_vaccinated_per_100","stringency_index","population_density","median_age","gdp_per_capita","New_cases_per_100000","pm2.5level"
"United Arab Emirates","Eastern Mediterranean","3",58.6,25,2.25,89.2057142857143,46.3,112.442,34,67293.483,4.41393590664796,"Healthy"
"United Arab Emirates","Eastern Mediterranean","4",57.75,23.2,1.75,89.5,51.85,112.442,34,67293.483,11.3401119778507,"Healthy"
"United Arab Emirates","Eastern Mediterranean","5",58.35,23.45,2,89.9828571428571,51.85,112.442,34,67293.483,56.8306759137123,"Healthy"
"United Arab Emirates","Eastern Mediterranean","6",64.5,23.5,2.5,90.28,51.85,112.442,34,67293.483,149.763544152321,"Healthy"
"United Arab Emirates","Eastern Mediterranean","7",64.15,22.5,2.5,90.68,57.4042857142857,112.442,34,67293.483,183.893978260415,"Healthy"
"United Arab Emirates","Eastern Mediterranean","8",56.15,20.5,3.95,91.035,56.7442857142857,112.442,34,67293.483,193.322385571214,"Healthy"
"United Arab Emirates","Eastern Mediterranean","9",66,21.35,2,91.39,52.78,112.442,34,67293.483,207.23479126337,"Healthy"
"United Arab Emirates","Eastern Mediterranean","10",63.15,22.25,3.55,91.846,52.78,112.442,34,67293.483,178.689337282054,"Healthy"
"United Arab Emirates","Eastern Mediterranean","11",68,20.5,2.5,92.335,44.44,112.442,34,67293.483,149.163008654818,"Unhealthy"
"United Arab Emirates","Eastern Mediterranean","12",60,21.25,2.4,92.8542857142857,44.44,112.442,34,67293.483,113.391110853548,"Unhealthy"
"United Arab Emirates","Eastern Mediterranean","13",54.05,20.5,3,93.475,44.44,112.442,34,67293.483,69.1716803874014,"Healthy"
"United Arab Emirates","Eastern Mediterranean","14",61,21.5,2.75,93.8916666666667,44.44,112.442,34,67293.483,48.6834109975865,"Healthy"
"United Arab Emirates","Eastern Mediterranean","15",63.5,22,2.5,94.3066666666667,25.7928571428571,112.442,34,67293.483,37.3432990197359,"Unhealthy"
"Austria","Europe","3",86,1.2,1.4,64.95,65.6042857142857,106.749,44.4,45436.686,357.964638565302,"Healthy"
"Austria","Europe","4",87.3,0,1.5,65.96,67.59,106.749,44.4,45436.686,238.768418519724,"Healthy"
"Austria","Europe","5",86,2,1,67.06,67.1928571428572,106.749,44.4,45436.686,167.984950246996,"Healthy"
"Austria","Europe","6",77.4,0.6,1.5,68.22,64.81,106.749,44.4,45436.686,221.196956078642,"Healthy"
"Austria","Europe","7",83,4.2,1.4,68.89,62.83,106.749,44.4,45436.686,523.140808787103,"Healthy"
"Austria","Europe","8",76.5,1.3,1.8,69.46,64.15,106.749,44.4,45436.686,1126.22126640151,"Healthy"
"Austria","Europe","9",78.2,-0.7,1.5,70.2,64.81,106.749,44.4,45436.686,1765.17448937706,"Healthy"
"Austria","Europe","10",75,1.6,1.8,70.9,64.81,106.749,44.4,45436.686,2452.27506758765,"Healthy"
"Austria","Europe","11",72.2,0.5,1.5,71.32,64.81,106.749,44.4,45436.686,2558.65484649464,"Healthy"
"Austria","Europe","12",79.3,3.5,2,71.67,64.8171428571429,106.749,44.4,45436.686,2458.34601339014,"Healthy"
"Austria","Europe","13",71.2,3.3,2.2,72.02,61.11,106.749,44.4,45436.686,2226.44473028635,"Healthy"
"Austria","Europe","14",65,6,3,72.29,60.0528571428571,106.749,44.4,45436.686,2100.79052782063,"Healthy"
"Austria","Europe","15",64.6,5,2.8,72.47,57.41,106.749,44.4,45436.686,2328.93202663874,"Healthy"
"Belgium","Europe","3",91.6,3.8,3.8,74.9,49.0071428571429,375.564,41.8,42658.576,783.419733305457,"Healthy"
"Belgium","Europe","4",91.25,4.3,4.8,75.1171428571429,45.2342857142857,375.564,41.8,42658.576,500.905493256985,"Healthy"
"Belgium","Europe","5",93.25,7.8,2.2,75.3242857142857,44.44,375.564,41.8,42658.576,374.705540607758,"Healthy"
"Belgium","Europe","6",86.1,2.45,2.4,75.5328571428571,44.44,375.564,41.8,42658.576,671.842813316743,"Healthy"
"Belgium","Europe","7",90.9,11.8,5.65,75.7242857142857,44.44,375.564,41.8,42658.576,1320.72376876386,"Healthy"
"Belgium","Europe","8",87.8,3.8,5.1,75.8085714285714,44.44,375.564,41.8,42658.576,1676.06088339623,"Healthy"
"Belgium","Europe","9",92.3,2.1,1.65,75.9114285714286,44.44,375.564,41.8,42658.576,2973.00610522359,"Healthy"
"Belgium","Europe","10",90.05,4.7,2.65,76.0485714285714,44.44,375.564,41.8,42658.576,2803.6677763895,"Healthy"
"Belgium","Europe","11",90.75,4.4,3.2,76.1357142857143,44.44,375.564,41.8,42658.576,1646.65148026183,"Healthy"
"Belgium","Europe","12",87,7.2,6.15,76.2371428571429,49.2057142857143,375.564,41.8,42658.576,894.197157681339,"Healthy"
"Belgium","Europe","13",83,5.4,4.6,76.5171428571429,50,375.564,41.8,42658.576,558.537951197068,"Healthy"
"Belgium","Europe","14",78.75,9.35,8.2,77.0485714285714,50,375.564,41.8,42658.576,389.758409619256,"Healthy"
"Belgium","Europe","15",75.55,6.6,5.25,77.5871428571429,50,375.564,41.8,42658.576,372.573552306872,"Healthy"
"Bahrain","Eastern Mediterranean","3",65,22.1,3.9,66.14,30.8214285714286,1935.907,32.4,43290.705,13.3844688682402,"Unhealthy"
"Bahrain","Eastern Mediterranean","4",68.5,21.1,2.4,66.3828571428571,32.41,1935.907,32.4,43290.705,21.3350721703145,"Unhealthy"
"Bahrain","Eastern Mediterranean","5",67.4,22.1,2.5,66.5985714285714,32.41,1935.907,32.4,43290.705,63.3760320769664,"Unhealthy"
"Bahrain","Eastern Mediterranean","6",65.9,20,7.5,66.7985714285714,32.41,1935.907,32.4,43290.705,180.690329721243,"Healthy"
"Bahrain","Eastern Mediterranean","7",80.5,18.5,4.1,67.0628571428571,32.41,1935.907,32.4,43290.705,469.085594822384,"Healthy"
"Bahrain","Eastern Mediterranean","8",64.5,15.5,5.7,67.3442857142857,32.41,1935.907,32.4,43290.705,831.438630208289,"Unhealthy"
"Bahrain","Eastern Mediterranean","9",69.6,19.4,2.1,67.5742857142857,32.41,1935.907,32.4,43290.705,1261.34319436937,"Unhealthy"
"Bahrain","Eastern Mediterranean","10",66.4,16.6,7.8,67.8528571428571,32.41,1935.907,32.4,43290.705,1976.55430004662,"Healthy"
"Bahrain","Eastern Mediterranean","11",59.8,17.1,5,68.0985714285714,45.6385714285714,1935.907,32.4,43290.705,2937.14733497493,"Unhealthy"
"Bahrain","Eastern Mediterranean","12",67.7,17.7,5.6,68.2157142857143,50.93,1935.907,32.4,43290.705,2583.48848449489,"Unhealthy"
"Bahrain","Eastern Mediterranean","13",65,17,5.1,68.3614285714286,50.93,1935.907,32.4,43290.705,1709.32251136107,"Healthy"
"Bahrain","Eastern Mediterranean","14",59,19,3,68.4733333333333,50.93,1935.907,32.4,43290.705,1199.28272974527,"Healthy"
"Bahrain","Eastern Mediterranean","15",68,19.5,3.6,68.417380952381,40.61,1935.907,32.4,43290.705,902.650868417515,"Unhealthy"
"Switzerland","Europe","3",83,2.7,2.3,65.4357142857143,50,214.243,43.1,57410.166,744.111578758473,"Healthy"
"Switzerland","Europe","4",89.3,1.1,1.5,65.7457142857143,49.4714285714286,214.243,43.1,57410.166,695.772379626445,"Healthy"
"Switzerland","Europe","5",87.3,2,1.2,66.0871428571429,46.3,214.243,43.1,57410.166,745.086853367118,"Healthy"
"Switzerland","Europe","6",81.6,0,1,66.44,46.3,214.243,43.1,57410.166,1224.66953680422,"Healthy"
"Switzerland","Europe","7",87.1,7.2,1.5,66.7328571428571,50,214.243,43.1,57410.166,2068.35091619592,"Healthy"
"Switzerland","Europe","8",81.7,2.2,2.5,66.9114285714286,51.8514285714286,214.243,43.1,57410.166,2110.83846767607,"Healthy"
"Switzerland","Europe","9",83.5,-0.5,1,67.1685714285714,56.48,214.243,43.1,57410.166,2683.55413932934,"Healthy"
"Switzerland","Europe","10",78.4,2,1.2,67.49,56.48,214.243,43.1,57410.166,2854.35340785043,"Healthy"
"Switzerland","Europe","11",82,0.7,1.2,67.7471428571429,56.48,214.243,43.1,57410.166,2355.2537584215,"Healthy"
"Switzerland","Europe","12",79,5,3.2,67.9171428571429,56.48,214.243,43.1,57410.166,1777.6158184493,"Healthy"
"Switzerland","Europe","13",71.5,2,1.2,68.0785714285714,56.48,214.243,43.1,57410.166,1290.43746688369,"Healthy"
"Switzerland","Europe","14",74.4,5,2.8,68.29,56.48,214.243,43.1,57410.166,1191.71672885094,"Healthy"
"Switzerland","Europe","15",71.5,5,2.5,68.4857142857143,37.4342857142857,214.243,43.1,57410.166,1677.07074320744,"Healthy"
"Cyprus","Europe","3",65.75,16,3.4,64.92,46.3,127.657,37.3,32415.132,438.948443368062,"Healthy"
"Cyprus","Europe","4",73.75,16,4.05,65.445,47.8857142857143,127.657,37.3,32415.132,474.885742825096,"Healthy"
"Cyprus","Europe","5",79.75,12.5,3,65.97,48.15,127.657,37.3,32415.132,573.099480471649,"Healthy"
"Cyprus","Europe","6",74.25,11.5,2.4,66.575,48.15,127.657,37.3,32415.132,1967.73455505271,"Healthy"
"Cyprus","Europe","7",81.75,12,2.5,67.3633333333333,48.15,127.657,37.3,32415.132,2870.85451532079,"Healthy"
"Cyprus","Europe","8",79.5,14.25,3.15,68.1066666666667,47.09,127.657,37.3,32415.132,2500.76729482536,"Healthy"
"Cyprus","Europe","9",68.25,12,4.35,68.85,44.44,127.657,37.3,32415.132,1760.36964079442,"Healthy"
"Cyprus","Europe","10",61.4,7.75,3.9,69.1475,44.44,127.657,37.3,32415.132,1895.07871049827,"Healthy"
"Cyprus","Europe","11",80.25,7.25,2.25,69.575,44.44,127.657,37.3,32415.132,2265.05432447364,"Healthy"
"Cyprus","Europe","12",81.25,10,2.3,69.8933333333333,42.4614285714286,127.657,37.3,32415.132,2034.69846708445,"Healthy"
"Cyprus","Europe","13",75.5,11,2.5,70.8625,41.67,127.657,37.3,32415.132,1834.8111896697,"Healthy"
"Cyprus","Europe","14",74,12.25,2.4,71.45,36.11,127.657,37.3,32415.132,1601.33034971903,"Healthy"
"Cyprus","Europe","15",74,13.75,3.3,71.734,36.11,127.657,37.3,32415.132,1543.74138537173,"Healthy"
"Czechia","Europe","3",89.1,1,3,59.0128571428571,35.19,137.176,43.3,32605.906,871.04795882868,"Healthy"
"Czechia","Europe","4",90.4,-0.1,2,59.7357142857143,35.19,137.176,43.3,32605.906,641.611822889029,"Healthy"
"Czechia","Europe","5",91,3.9,3,60.3642857142857,35.19,137.176,43.3,32605.906,395.205282681712,"Healthy"
"Czechia","Europe","6",86,-1.6,2,61.1042857142857,37.5642857142857,137.176,43.3,32605.906,335.342647847421,"Healthy"
"Czechia","Europe","7",93.2,4.4,2.5,61.71,37.96,137.176,43.3,32605.906,430.19042378736,"Healthy"
"Czechia","Europe","8",83.5,1.6,3.5,62.0285714285714,37.96,137.176,43.3,32605.906,635.802722966636,"Healthy"
"Czechia","Europe","9",88,0,2,62.3942857142857,37.96,137.176,43.3,32605.906,1435.99458177884,"Healthy"
"Czechia","Europe","10",82.7,0,3,62.7371428571429,39.2828571428571,137.176,43.3,32605.906,2219.35590229262,"Healthy"
"Czechia","Europe","11",86,1.1,4,62.9471428571429,47.22,137.176,43.3,32605.906,2279.72205461617,"Healthy"
"Czechia","Europe","12",78.2,3.8,4,63.1514285714286,47.22,137.176,43.3,32605.906,1504.00674042079,"Healthy"
"Czechia","Europe","13",77.5,5,3,63.3857142857143,41.67,137.176,43.3,32605.906,1020.76981670005,"Healthy"
"Czechia","Europe","14",71.5,6.8,5.6,63.5628571428571,41.67,137.176,43.3,32605.906,632.968105990059,"Healthy"
"Czechia","Europe","15",68,4,5,63.6957142857143,41.67,137.176,43.3,32605.906,512.412964903992,"Healthy"
"Germany","Europe","3",87,3.8,2.5,67.79,69.51,237.016,46.6,45229.245,419.232449839286,"Healthy"
"Germany","Europe","4",89,2.9,1.5,68.3142857142857,80.8871428571429,237.016,46.6,45229.245,338.106564383888,"Healthy"
"Germany","Europe","5",93,6.4,1.2,68.8471428571429,84.26,237.016,46.6,45229.245,235.809164885379,"Healthy"
"Germany","Europe","6",88.35,0.6,1.5,69.5014285714286,84.26,237.016,46.6,45229.245,235.931929392864,"Healthy"
"Germany","Europe","7",91,10,2.25,70.1871428571429,84.26,237.016,46.6,45229.245,382.723715579618,"Healthy"
"Germany","Europe","8",86,3.5,3.3,70.5728571428571,84.26,237.016,46.6,45229.245,542.954043726405,"Healthy"
"Germany","Europe","9",90,1.9,1.5,71.0871428571429,84.26,237.016,46.6,45229.245,852.76040941415,"Healthy"
"Germany","Europe","10",86.2,4.8,2.5,71.8742857142857,84.26,237.016,46.6,45229.245,1258.35765570374,"Healthy"
"Germany","Europe","11",87.5,4,3.3,72.5757142857143,84.26,237.016,46.6,45229.245,1532.02358065427,"Healthy"
"Germany","Europe","12",84,5.5,3.8,73.17,84.26,237.016,46.6,45229.245,1575.76111819444,"Healthy"
"Germany","Europe","13",81.5,5,3,73.6471428571429,84.26,237.016,46.6,45229.245,1452.27432632649,"Healthy"
"Germany","Europe","14",73.5,8,5.4,74.0642857142857,84.26,237.016,46.6,45229.245,1334.47641789758,"Healthy"
"Germany","Europe","15",77.2,6,3,74.3957142857143,84.26,237.016,46.6,45229.245,1320.88769799636,"Healthy"
"Denmark","Europe","3",78.5,1.3,4.2,75.7242857142857,44.44,136.52,42.3,46682.515,793.215284531923,"Healthy"
"Denmark","Europe","4",80.5,1.3,3.4,76.0571428571428,39.6828571428571,136.52,42.3,46682.515,1207.73013340783,"Healthy"
"Denmark","Europe","5",90,6.1,4.2,76.5085714285714,38.89,136.52,42.3,46682.515,1359.79517320793,"Healthy"
"Denmark","Europe","6",70.5,0.8,2.4,76.9571428571429,38.89,136.52,42.3,46682.515,2001.11743721554,"Healthy"
"Denmark","Europe","7",94.5,5.7,4.1,77.4257142857143,38.89,136.52,42.3,46682.515,2127.36238371927,"Healthy"
"Denmark","Europe","8",84.5,2.5,4.9,78.0942857142857,37.8328571428571,136.52,42.3,46682.515,2662.85838925967,"Healthy"
"Denmark","Europe","9",84.5,3.1,4.3,79.17,35.19,136.52,42.3,46682.515,4313.86499445582,"Healthy"
"Denmark","Europe","10",67.5,3.4,4.7,80.2314285714286,38.3614285714286,136.52,42.3,46682.515,5529.97246659472,"Healthy"
"Denmark","Europe","11",85,5.6,6.6,80.7714285714286,38.89,136.52,42.3,46682.515,4975.50273493447,"Healthy"
"Denmark","Europe","12",83,3.9,4.1,81.0985714285714,38.89,136.52,42.3,46682.515,5548.41293295962,"Healthy"
"Denmark","Europe","13",77.5,3.7,5.7,81.29,19.8442857142857,136.52,42.3,46682.515,4529.00950268883,"Healthy"
"Denmark","Europe","14",80.5,4.7,6,81.4014285714286,16.67,136.52,42.3,46682.515,3086.79989444897,"Healthy"
"Denmark","Europe","15",73,3.6,5.4,81.4657142857143,16.67,136.52,42.3,46682.515,2088.83006594187,"Healthy"
"Estonia","Europe","3",85,-3.9,4.6,59.1571428571429,35.3185714285714,31.033,42.7,29481.252,247.964817067465,"Healthy"
"Estonia","Europe","4",88.5,-9.7,1.8,59.6714285714286,42.59,31.033,42.7,29481.252,289.845667180808,"Healthy"
"Estonia","Europe","5",93,2.1,4.6,60.2757142857143,42.59,31.033,42.7,29481.252,335.273183880325,"Healthy"
"Estonia","Europe","6",79,-6,3.8,60.8885714285714,34.26,31.033,42.7,29481.252,451.784954285732,"Healthy"
"Estonia","Europe","7",91.15,-4.5,3.15,61.3757142857143,34.26,31.033,42.7,29481.252,752.119699242674,"Healthy"
"Estonia","Europe","8",92.9,-1,3.3,61.7,34.26,31.033,42.7,29481.252,1100.07032964379,"Healthy"
"Estonia","Europe","9",88,0,5.4,61.9942857142857,42.59,31.033,42.7,29481.252,1836.04137677069,"Healthy"
"Estonia","Europe","10",83,-0.4,5.1,62.3042857142857,42.7228571428571,31.033,42.7,29481.252,3105.52163164774,"Healthy"
"Estonia","Europe","11",92,0,4.8,62.55,43.52,31.033,42.7,29481.252,3649.7463001476,"Healthy"
"Estonia","Europe","12",88.5,-4,4.1,62.7514285714286,43.52,31.033,42.7,29481.252,2992.6319888197,"Healthy"
"Estonia","Europe","13",82.3,0,5.1,62.9114285714286,50,31.033,42.7,29481.252,2953.76957835417,"Healthy"
"Estonia","Europe","14",86,1,5.1,63.0457142857143,48.9428571428571,31.033,42.7,29481.252,2445.08703670724,"Healthy"
"Estonia","Europe","15",82,0,4,63.17,46.3,31.033,42.7,29481.252,1777.78549156799,"Healthy"
"Spain","Europe","3",74.8,9.5,3.95,80.382,41.2,93.105,45.5,34272.36,222.095478400985,"Healthy"
"Spain","Europe","4",78.5,11.1,3,80.5075,43.98,93.105,45.5,34272.36,445.423168589398,"Healthy"
"Spain","Europe","5",80.5,8.4,1.7,80.645,43.98,93.105,45.5,34272.36,934.076434054389,"Healthy"
"Spain","Europe","6",84.2,13,2,80.794,43.98,93.105,45.5,34272.36,1611.56615594269,"Healthy"
"Spain","Europe","7",76,12.2,1.6,80.9175,49.14,93.105,45.5,34272.36,1772.49601033997,"Healthy"
"Spain","Europe","8",76,9.7,2.8,81.0825,52.4485714285714,93.105,45.5,34272.36,2067.47596026468,"Healthy"
"Spain","Europe","9",72.3,7.6,1.85,81.3975,43.52,93.105,45.5,34272.36,1838.74450796682,"Healthy"
"Spain","Europe","10",75,6,1.95,81.566,43.52,93.105,45.5,34272.36,1435.32778149188,"Healthy"
"Spain","Europe","11",73,7.5,1.8,81.75,43.52,93.105,45.5,34272.36,884.813633636181,"Healthy"
"Spain","Europe","12",67.5,9.7,1.75,81.876,47.4842857142857,93.105,45.5,34272.36,559.817774702097,"Healthy"
"Spain","Europe","13",73.1,10.2,1.8,81.956,49.07,93.105,45.5,34272.36,353.347426327801,"Healthy"
"Spain","Europe","14",71.8,11,2.8,82.076,49.07,93.105,45.5,34272.36,257.791113618035,"Healthy"
"Spain","Europe","15",70.7,11.6,2,82.692,49.07,93.105,45.5,34272.36,223.744845220615,"Healthy"
"France","Europe","3",83,4.5,3.55,69.5957142857143,66.67,122.578,42,38605.671,498.312123639168,"Healthy"
"France","Europe","4",86,5.5,3.15,70.1871428571429,68.2557142857143,122.578,42,38605.671,531.243511020142,"Healthy"
"France","Europe","5",89.75,5.5,2,70.9514285714286,72.22,122.578,42,38605.671,748.226098306191,"Healthy"
"France","Europe","6",89,5.5,2.45,71.9028571428571,72.22,122.578,42,38605.671,1621.37284565869,"Healthy"
"France","Europe","7",88.5,10,3.15,72.7628571428571,72.22,122.578,42,38605.671,2368.03417282193,"Healthy"
"France","Europe","8",84,5.8,3.75,73.3442857142857,72.22,122.578,42,38605.671,2985.68864762244,"Healthy"
"France","Europe","9",89,1.25,2,74.0814285714286,71.8228571428571,122.578,42,38605.671,3599.79680223073,"Healthy"
"France","Europe","10",83.5,3.65,2.3,74.9642857142857,69.44,122.578,42,38605.671,3475.08231734449,"Healthy"
"France","Europe","11",88.25,2.1,2,75.6257142857143,69.44,122.578,42,38605.671,2565.05591646644,"Healthy"
"France","Europe","12",80,7,3,76.1285714285714,69.44,122.578,42,38605.671,1443.893684554,"Healthy"
"France","Europe","13",75.7,7,2.4,76.5942857142857,69.44,122.578,42,38605.671,850.968526593693,"Healthy"
"France","Europe","14",78,10,4.5,77.0185714285714,69.44,122.578,42,38605.671,591.582866126784,"Healthy"
"France","Europe","15",70,8,3.3,77.3357142857143,65.4757142857143,122.578,42,38605.671,519.167334104595,"Healthy"
"The United Kingdom","Europe","3",82.8,5.35,3.3,67.8228571428571,46.76,272.898,40.8,39753.244,533.676003356483,"Healthy"
"The United Kingdom","Europe","4",86.7,6.05,2.8,68.12,46.76,272.898,40.8,39753.244,888.738673212299,"Healthy"
"The United Kingdom","Europe","5",89.25,9.35,1.55,68.4342857142857,46.76,272.898,40.8,39753.244,1350.54094210759,"Healthy"
"The United Kingdom","Europe","6",89.05,4.9,1.65,68.8,48.0814285714286,272.898,40.8,39753.244,1893.79805748708,"Healthy"
"The United Kingdom","Europe","7",90,10.5,4,69.23,48.61,272.898,40.8,39753.244,1934.46976806554,"Healthy"
"The United Kingdom","Europe","8",85.5,3.55,2.8,69.4771428571429,48.61,272.898,40.8,39753.244,1059.57569176728,"Healthy"
"The United Kingdom","Europe","9",91.65,3.85,1.1,69.7928571428571,48.61,272.898,40.8,39753.244,1069.14800705393,"Healthy"
"The United Kingdom","Europe","10",84.9,3.35,1.5,70.1471428571429,48.61,272.898,40.8,39753.244,1045.38069152142,"Healthy"
"The United Kingdom","Europe","11",84.45,6.8,2.5,70.5028571428571,47.5528571428571,272.898,40.8,39753.244,861.232744725132,"Healthy"
"The United Kingdom","Europe","12",82.15,7.85,4.55,70.84,44.1142857142857,272.898,40.8,39753.244,613.368570322445,"Healthy"
"The United Kingdom","Europe","13",81.25,7.35,3.25,71.1385714285714,42.13,272.898,40.8,39753.244,461.855049313478,"Healthy"
"The United Kingdom","Europe","14",84.2,7.15,5.45,71.39,40.9385714285714,272.898,40.8,39753.244,367.650799592547,"Healthy"
"The United Kingdom","Europe","15",76.55,6.2,4.6,71.5985714285714,31.0185714285714,272.898,40.8,39753.244,405.350679402738,"Healthy"
"Georgia","Europe","3",70,6,5.1,24.825,43.9171428571429,65.032,38.7,9745.079,602.873580980624,"Healthy"
"Georgia","Europe","4",75,5,1.8,25.545,50,65.032,38.7,9745.079,499.375215621595,"Unhealthy"
"Georgia","Europe","5",72.5,6,1.5,26.014,50,65.032,38.7,9745.079,382.132347749482,"Unhealthy"
"Georgia","Europe","6",65,2,5.1,26.8414285714286,50,65.032,38.7,9745.079,333.48635713645,"Healthy"
"Georgia","Europe","7",59,3,4.6,27.764,46.8285714285714,65.032,38.7,9745.079,558.675080211861,"Healthy"
"Georgia","Europe","8",64,5,7.9,28.755,46.3,65.032,38.7,9745.079,899.875445157299,"Healthy"
"Georgia","Europe","9",71.5,3,7.7,29.164,44.44,65.032,38.7,9745.079,1401.03468212886,"Unhealthy"
"Georgia","Europe","10",61.5,-0.5,5.4,29.7633333333333,44.44,65.032,38.7,9745.079,2797.3454767395,"Healthy"
"Georgia","Europe","11",59,2,6.1,30.1966666666667,44.44,65.032,38.7,9745.079,3815.04171217806,"Healthy"
"Georgia","Europe","12",53,5,5.1,30.5116666666667,44.44,65.032,38.7,9745.079,3504.27021842703,"Healthy"
"Georgia","Europe","13",48,5.5,8.4,30.7683333333333,49.2057142857143,65.032,38.7,9745.079,2382.74896583298,"Healthy"
"Georgia","Europe","14",74,3,2,30.9366666666667,50,65.032,38.7,9745.079,1359.7257934058,"Healthy"
"Georgia","Europe","15",63,8,3.3,31.1266666666667,50,65.032,38.7,9745.079,561.966725237847,"Unhealthy"
"Greece","Europe","3",69.9,11.75,1.7,63.2585714285714,80.09,83.479,45.3,24574.382,356.358129264941,"Healthy"
"Greece","Europe","4",73.55,12.5,3.55,64.0228571428571,80.09,83.479,45.3,24574.382,304.577866955968,"Healthy"
"Greece","Europe","5",64.5,7.6,3.8,64.95,80.09,83.479,45.3,24574.382,381.78542008594,"Healthy"
"Greece","Europe","6",55.75,7.05,1.55,65.9157142857143,80.09,83.479,45.3,24574.382,1639.50581380493,"Healthy"
"Greece","Europe","7",72.4,12.25,1.55,66.8014285714286,80.09,83.479,45.3,24574.382,2392.9616641887,"Healthy"
"Greece","Europe","8",82.3,11.35,1.1,67.7271428571429,78.11,83.479,45.3,24574.382,1553.0028839774,"Healthy"
"Greece","Europe","9",63,7.4,3.9,68.4628571428571,77.78,83.479,45.3,24574.382,1264.2772984434,"Healthy"
"Greece","Europe","10",57.25,5.9,2.85,69.2385714285714,77.78,83.479,45.3,24574.382,1240.76886650499,"Healthy"
"Greece","Europe","11",61,4.35,2.9,69.87,77.78,83.479,45.3,24574.382,1224.49231477733,"Healthy"
"Greece","Europe","12",70.65,8.15,2.3,70.3914285714286,77.78,83.479,45.3,24574.382,1218.53324548367,"Healthy"
"Greece","Europe","13",69.75,9.05,1.15,71.0085714285714,77.78,83.479,45.3,24574.382,1215.82370103137,"Healthy"
"Greece","Europe","14",74.05,11.65,1.45,71.5985714285714,72.22,83.479,45.3,24574.382,1040.01187185455,"Healthy"
"Greece","Europe","15",70.8,10,2.15,72.0685714285714,72.22,83.479,45.3,24574.382,984.229969162299,"Healthy"
"Indonesia","South-East Asia","3",74,28,2.8,33.3042857142857,60.65,145.725,29.3,11188.744,0.527569317940583,"Healthy"
"Indonesia","South-East Asia","4",83,27,2.5,35.1385714285714,60.65,145.725,29.3,11188.744,0.506944179996404,"Healthy"
"Indonesia","South-East Asia","5",80.3,27,2,36.5871428571429,63.0328571428571,145.725,29.3,11188.744,0.439641098283819,"Healthy"
"Indonesia","South-East Asia","6",86.5,26.6,1.8,38.0571428571429,63.43,145.725,29.3,11188.744,0.509838936199096,"Healthy"
"Indonesia","South-East Asia","7",77.1,28,2,39.4742857142857,64.6171428571429,145.725,29.3,11188.744,1.09530337819352,"Healthy"
"Indonesia","South-East Asia","8",76,28.5,2.3,40.81,66.2,145.725,29.3,11188.744,1.97350004118514,"Healthy"
"Indonesia","South-East Asia","9",83.5,27,2.3,41.8014285714286,66.2,145.725,29.3,11188.744,5.32960801368097,"Healthy"
"Indonesia","South-East Asia","10",78,27.5,2.3,42.8471428571429,65.0128571428571,145.725,29.3,11188.744,20.5553019507892,"Healthy"
"Indonesia","South-East Asia","11",72.5,28.1,2.5,44.2285714285714,63.43,145.725,29.3,11188.744,62.7058470181847,"Healthy"
"Indonesia","South-East Asia","12",74,28.3,2.5,45.7171428571429,63.43,145.725,29.3,11188.744,105.404586541465,"Healthy"
"Indonesia","South-East Asia","13",76,27.9,2.2,46.8728571428571,63.43,145.725,29.3,11188.744,141.020581325809,"Healthy"
"Indonesia","South-East Asia","14",83,27,1.9,48.33,63.43,145.725,29.3,11188.744,123.710662922763,"Unhealthy"
"Indonesia","South-East Asia","15",64.4,29.5,3.6,50.02,63.43,145.725,29.3,11188.744,75.74527633321,"Healthy"
"Ireland","Europe","3",86.3,6.1,2.5,76.6357142857143,44.44,69.874,38.7,67335.293,600.051696761567,"Healthy"
"Ireland","Europe","4",84,5.4,4.4,76.8485714285714,44.44,69.874,38.7,67335.293,652.691683403895,"Healthy"
"Ireland","Europe","5",86,7.8,1.5,77.0357142857143,49.2057142857143,69.874,38.7,67335.293,851.110115707628,"Healthy"
"Ireland","Europe","6",89.2,8.1,3.5,77.2157142857143,50,69.874,38.7,67335.293,1157.65826514017,"Healthy"
"Ireland","Europe","7",80.75,12.2,6.8,77.3771428571429,52.78,69.874,38.7,67335.293,1763.22883202245,"Healthy"
"Ireland","Europe","8",81.2,4.4,4.6,77.4785714285714,52.78,69.874,38.7,67335.293,1837.06127992833,"Healthy"
"Ireland","Europe","9",83.5,7.1,1,77.5985714285714,52.78,69.874,38.7,67335.293,1939.73233279228,"Healthy"
"Ireland","Europe","10",82,6.6,1.7,77.7185714285714,52.78,69.874,38.7,67335.293,2409.94006707735,"Healthy"
"Ireland","Europe","11",80.8,8.8,3.7,77.8214285714286,44.3142857142857,69.874,38.7,67335.293,1091.55223540329,"Healthy"
"Ireland","Europe","12",81.5,8.7,5.7,78.0028571428571,23.15,69.874,38.7,67335.293,716.871125753175,"Healthy"
"Ireland","Europe","13",78.9,8.4,4,78.5028571428571,23.15,69.874,38.7,67335.293,640.991678747975,"Healthy"
"Ireland","Europe","14",79,6.6,5.9,79.0271428571429,23.15,69.874,38.7,67335.293,521.743946903252,"Healthy"
"Ireland","Europe","15",75.4,8.7,7.2,79.4085714285714,23.15,69.874,38.7,67335.293,466.314422272635,"Healthy"
"Israel","Europe","3",58.1,17.9,2,62.3214285714286,53.7,402.606,30.6,33132.32,46.2275320202346,"Healthy"
"Israel","Europe","4",52,17.7,1.8,62.3985714285714,56.48,402.606,30.6,33132.32,52.5885265310516,"Healthy"
"Israel","Europe","5",70.3,13.9,2.5,62.4771428571429,56.48,402.606,30.6,33132.32,97.6859326229685,"Healthy"
"Israel","Europe","6",77.1,12.1,2.1,62.7357142857143,56.48,402.606,30.6,33132.32,289.441394898289,"Healthy"
"Israel","Europe","7",62.1,13.8,1.8,63.2828571428571,56.48,402.606,30.6,33132.32,1213.55074803573,"Healthy"
"Israel","Europe","8",72.5,14.1,2,63.7771428571429,56.48,402.606,30.6,33132.32,3322.41954579701,"Healthy"
"Israel","Europe","9",60.4,12.2,2.5,64.1814285714286,56.48,402.606,30.6,33132.32,5319.87945323431,"Healthy"
"Israel","Europe","10",63.9,9.4,2.2,64.6942857142857,56.48,402.606,30.6,33132.32,5102.38940910559,"Healthy"
"Israel","Europe","11",74.95,9.05,2.45,65.1771428571429,56.48,402.606,30.6,33132.32,4116.94112582069,"Healthy"
"Israel","Europe","12",70.9,12.05,2.55,65.4871428571429,56.48,402.606,30.6,33132.32,2593.1654289097,"Healthy"
"Israel","Europe","13",71.4,12.5,1.95,65.6928571428572,56.48,402.606,30.6,33132.32,1458.14228823593,"Healthy"
"Israel","Europe","14",76.2,13.5,2,65.7971428571429,48.15,402.606,30.6,33132.32,836.863631471316,"Healthy"
"Israel","Europe","15",74.2,14.5,2,65.8457142857143,48.15,402.606,30.6,33132.32,569.475836831342,"Healthy"
"India","South-East Asia","3",73.4,24.4,0.7,30.3342857142857,45.83,450.419,28.2,6426.674,4.10898728542978,"Unhealthy"
"India","South-East Asia","4",69,24,0.8,33.0342857142857,49.8014285714286,450.419,28.2,6426.674,3.57145668080365,"Unhealthy"
"India","South-East Asia","5",69,23.2,0.8,35.7342857142857,51.39,450.419,28.2,6426.674,3.33907696147395,"Unhealthy"
"India","South-East Asia","6",72.3,23.2,0.6,38.3371428571429,50.1985714285714,450.419,28.2,6426.674,7.34385938202828,"Unhealthy"
"India","South-East Asia","7",74.5,23,0.8,40.5642857142857,50,450.419,28.2,6426.674,45.8495664137122,"Unhealthy"
"India","South-East Asia","8",79.7,23.2,0.8,42.79,55.2228571428571,450.419,28.2,6426.674,114.407181397969,"Unhealthy"
"India","South-East Asia","9",78.5,23.4,0.8,44.5928571428571,72.69,450.419,28.2,6426.674,151.793188497293,"Unhealthy"
"India","South-East Asia","10",79,23.8,0.8,46.3757142857143,72.69,450.419,28.2,6426.674,133.145254269354,"Unhealthy"
"India","South-East Asia","11",75,23.55,0.9,48.1842857142857,80.6257142857143,450.419,28.2,6426.674,78.6284553962698,"Unhealthy"
"India","South-East Asia","12",76,23.9,0.8,49.89,83.8,450.419,28.2,6426.674,31.8128409893838,"Unhealthy"
"India","South-East Asia","13",68.3,24,0.8,51.7471428571429,82.2057142857143,450.419,28.2,6426.674,13.7111211048106,"Unhealthy"
"India","South-East Asia","14",61.3,24.8,0.8,53.31,76.3857142857143,450.419,28.2,6426.674,6.72049612010804,"Unhealthy"
"India","South-East Asia","15",60.2,25.2,0.9,54.8942857142857,72.2885714285714,450.419,28.2,6426.674,3.36125279015613,"Unhealthy"
"Iran (Islamic Republic of)","Eastern Mediterranean","3",50.75,11,2,54.6,60.3857142857143,49.831,32.4,19082.62,24.8951060794018,"Healthy"
"Iran (Islamic Republic of)","Eastern Mediterranean","4",56.45,6.5,2,56.63,61.3085714285714,49.831,32.4,19082.62,19.3899099551728,"Healthy"
"Iran (Islamic Republic of)","Eastern Mediterranean","5",53,6,2,57.8,64.22,49.831,32.4,19082.62,16.3403535462589,"Healthy"
"Iran (Islamic Republic of)","Eastern Mediterranean","6",55,5.25,2.5,59.2,60.3814285714286,49.831,32.4,19082.62,14.6985561120731,"Healthy"
"Iran (Islamic Republic of)","Eastern Mediterranean","7",60,5.25,2,60.21,54.63,49.831,32.4,19082.62,10.7187262286313,"Healthy"
"Iran (Islamic Republic of)","Eastern Mediterranean","8",60,4,2,60.82,54.63,49.831,32.4,19082.62,16.7284575242541,"Healthy"
"Iran (Islamic Republic of)","Eastern Mediterranean","9",69.3,7,2,61.43,47.22,49.831,32.4,19082.62,31.2894131350381,"Healthy"
"Iran (Islamic Republic of)","Eastern Mediterranean","10",51.75,0.6,2.75,62.385,49.3371428571429,49.831,32.4,19082.62,90.3658950218726,"Healthy"
"Iran (Islamic Republic of)","Eastern Mediterranean","11",55.75,3,2,62.7866666666667,62.04,49.831,32.4,19082.62,260.681209510758,"Healthy"
"Iran (Islamic Republic of)","Eastern Mediterranean","12",55.5,4,2.75,63.36,62.04,49.831,32.4,19082.62,278.277608658529,"Healthy"
"Iran (Islamic Republic of)","Eastern Mediterranean","13",52.5,5.8,2.5,63.8928571428571,62.04,49.831,32.4,19082.62,170.568170110913,"Healthy"
"Iran (Islamic Republic of)","Eastern Mediterranean","14",51,7,2,64.3285714285714,62.04,49.831,32.4,19082.62,124.026270640663,"Healthy"
"Iran (Islamic Republic of)","Eastern Mediterranean","15",52.65,10,2,64.635,62.04,49.831,32.4,19082.62,62.7587653871467,"Healthy"
"Iceland","Europe","3",80,-1,4.1,76.085,38.0957142857143,3.404,37.3,46482.958,234.54955638951,"Healthy"
"Iceland","Europe","4",80,1,6.6,76.275,38.89,3.404,37.3,46482.958,309.388489988937,"Healthy"
"Iceland","Europe","5",85.5,5.1,4.35,76.47,38.0928571428571,3.404,37.3,46482.958,699.310180264214,"Healthy"
"Iceland","Europe","6",81,1.6,3.6,76.695,37.96,3.404,37.3,46482.958,1751.66489511703,"Healthy"
"Iceland","Europe","7",59,-2,6.6,76.87,37.96,3.404,37.3,46482.958,2223.47556346125,"Healthy"
"Iceland","Europe","8",73,1,7.2,76.965,37.96,3.404,37.3,46482.958,2238.66027462635,"Healthy"
"Iceland","Europe","9",80,2,8.2,77.07,37.96,3.404,37.3,46482.958,2618.27805375388,"Healthy"
"Iceland","Europe","10",80,2,10.8,77.27,40.3428571428571,3.404,37.3,46482.958,2740.84036530077,"Healthy"
"Iceland","Europe","11",80,1,5.4,77.43,40.74,3.404,37.3,46482.958,2515.51009783292,"Healthy"
"Iceland","Europe","12",79,-2,5.1,77.58,37.96,3.404,37.3,46482.958,3446.11596780841,"Healthy"
"Iceland","Europe","13",68,-2,4.1,77.7075,35.5857142857143,3.404,37.3,46482.958,4535.61899390442,"Healthy"
"Iceland","Europe","14",74,-2,5.1,77.835,35.19,3.404,37.3,46482.958,6247.69517776958,"Healthy"
"Iceland","Europe","15",79,0,7.2,78.13,35.19,3.404,37.3,46482.958,4251.1768151153,"Healthy"
"Italy","Europe","3",84,6,1.8,72.8914285714286,71.3,205.859,47.9,35220.084,185.916352202331,"Healthy"
"Italy","Europe","4",78.25,3.5,1.5,73.1142857142857,71.3,205.859,47.9,35220.084,262.63647851009,"Healthy"
"Italy","Europe","5",84.35,3.9,1.1,73.3385714285714,76.85,205.859,47.9,35220.084,426.685093367585,"Healthy"
"Italy","Europe","6",89.6,5.5,1.1,73.5785714285714,76.85,205.859,47.9,35220.084,1067.80023963568,"Healthy"
"Italy","Europe","7",95.6,7.7,1,73.8271428571429,76.85,205.859,47.9,35220.084,1680.14658092932,"Healthy"
"Italy","Europe","8",85.5,5.85,1.35,74.0857142857143,76.85,205.859,47.9,35220.084,2100.72242383651,"Healthy"
"Italy","Europe","9",58.1,4.35,1.65,74.43,76.85,205.859,47.9,35220.084,2040.40517118897,"Healthy"
"Italy","Europe","10",84.5,3.7,1.2,74.9714285714286,76.85,205.859,47.9,35220.084,1723.08692540723,"Healthy"
"Italy","Europe","11",90,4.4,1.2,75.4785714285714,76.85,205.859,47.9,35220.084,1195.04426481606,"Healthy"
"Italy","Europe","12",84.05,7.9,1.45,76.0271428571428,76.85,205.859,47.9,35220.084,845.71540192565,"Healthy"
"Italy","Europe","13",64.75,7.6,1.2,76.7085714285714,76.85,205.859,47.9,35220.084,620.272795592182,"Healthy"
"Italy","Europe","14",88.75,7.5,1.05,77.4371428571429,76.85,205.859,47.9,35220.084,505.0849322477,"Healthy"
"Italy","Europe","15",61.85,8.3,2.45,78.0157142857143,76.85,205.859,47.9,35220.084,426.625458601703,"Healthy"
"Lithuania","Europe","3",83,-1,3,65.9071428571429,46.3,45.135,43.5,29524.265,420.058724202208,"Healthy"
"Lithuania","Europe","4",81.5,-9,2.5,66.4557142857143,46.3,45.135,43.5,29524.265,417.010240674057,"Healthy"
"Lithuania","Europe","5",87,2,3.3,66.9585714285714,46.3,45.135,43.5,29524.265,344.478638681092,"Healthy"
"Lithuania","Europe","6",79,-6,3,67.39,46.8285714285714,45.135,43.5,29524.265,420.430490486129,"Healthy"
"Lithuania","Europe","7",85,-4.5,2.8,67.76,50,45.135,43.5,29524.265,730.297688134187,"Healthy"
"Lithuania","Europe","8",80,1,3.6,68.0471428571429,51.0571428571429,45.135,43.5,29524.265,939.490576096469,"Healthy"
"Lithuania","Europe","9",80,-1,4.1,68.3585714285714,53.7,45.135,43.5,29524.265,1512.08500659142,"Healthy"
"Lithuania","Europe","10",77,0,4.6,68.6857142857143,53.7,45.135,43.5,29524.265,2409.67752249,"Healthy"
"Lithuania","Europe","11",86,1,4.1,68.9071428571429,53.7,45.135,43.5,29524.265,2826.27882025174,"Healthy"
"Lithuania","Europe","12",86,-2,3,69.1028571428571,53.7,45.135,43.5,29524.265,2469.68060071483,"Healthy"
"Lithuania","Europe","13",80,2,4.1,69.2728571428571,53.7,45.135,43.5,29524.265,1716.70516926147,"Healthy"
"Lithuania","Europe","14",81,2.5,5.1,69.3757142857143,53.7,45.135,43.5,29524.265,1433.71667394089,"Healthy"
"Lithuania","Europe","15",79,1.5,4.6,69.4485714285714,50.93,45.135,43.5,29524.265,1173.14568554075,"Healthy"
"Myanmar","South-East Asia","3",83,26,2,21.19,69.5742857142857,81.721,29.1,5591.597,4.1126873412104,"Healthy"
"Myanmar","South-East Asia","4",77.5,25,2,21.64,69.0485714285714,81.721,29.1,5591.597,2.90479070417345,"Healthy"
"Myanmar","South-East Asia","5",73.5,25,2,23.77,68.52,81.721,29.1,5591.597,2.48147949602757,"Unhealthy"
"Myanmar","South-East Asia","6",73,24.5,2,24.6066666666667,78.84,81.721,29.1,5591.597,2.5763595944051,"Unhealthy"
"Myanmar","South-East Asia","7",73,25.5,2.5,27.4866666666667,80.56,81.721,29.1,5591.597,1.89212811572102,"Healthy"
"Myanmar","South-East Asia","8",71,25.5,2,28.41,80.56,81.721,29.1,5591.597,1.97423589316311,"Healthy"
"Myanmar","South-East Asia","9",78,26,2,30.28,80.56,81.721,29.1,5591.597,1.69142021530703,"Unhealthy"
"Myanmar","South-East Asia","10",76,25,2.5,32.04,67.8571428571428,81.721,29.1,5591.597,2.15852223808869,"Healthy"
"Myanmar","South-East Asia","11",73,25,2.3,33.31,65.74,81.721,29.1,5591.597,4.82976193087131,"Healthy"
"Myanmar","South-East Asia","12",75.5,24,2.5,34.39,65.74,81.721,29.1,5591.597,16.1843552424739,"Unhealthy"
"Myanmar","South-East Asia","13",65,24.5,2.3,35.06,65.74,81.721,29.1,5591.597,34.4779680565713,"Unhealthy"
"Myanmar","South-East Asia","14",69,26.5,2.3,36.03,65.74,81.721,29.1,5591.597,37.4612173036339,"Healthy"
"Myanmar","South-East Asia","15",69,26.5,2.3,37.62,68.52,81.721,29.1,5591.597,22.3479124024601,"Unhealthy"
"Norway","Europe","3",79.2,-3.8,1.65,69.9814285714286,21.1642857142857,14.462,39.7,64800.057,619.196802417434,"Healthy"
"Norway","Europe","4",67.65,0.25,3.9,70.55,28.1085714285714,14.462,39.7,64800.057,580.555321263115,"Healthy"
"Norway","Europe","5",90.05,6.05,3.05,70.9928571428571,38.16,14.462,39.7,64800.057,420.66521529361,"Healthy"
"Norway","Europe","6",84.45,-0.75,1,71.3914285714286,50.6614285714286,14.462,39.7,64800.057,457.934484759211,"Healthy"
"Norway","Europe","7",87.5,1.6,2.7,71.6985714285714,52.6442857142857,14.462,39.7,64800.057,827.992532972875,"Healthy"
"Norway","Europe","8",80.9,-0.85,3.8,71.8157142857143,51.85,14.462,39.7,64800.057,1267.72234266175,"Healthy"
"Norway","Europe","9",87.7,3.3,5.45,72.0585714285714,51.85,14.462,39.7,64800.057,2108.35751932669,"Healthy"
"Norway","Europe","10",90.05,3.05,2.55,72.4157142857143,50.2642857142857,14.462,39.7,64800.057,2502.27375476821,"Healthy"
"Norway","Europe","11",89.65,3,3.6,72.7171428571429,48.15,14.462,39.7,64800.057,2362.71067794759,"Healthy"
"Norway","Europe","12",82.25,0.0500000000000003,3.3,72.9771428571429,46.1642857142857,14.462,39.7,64800.057,2593.20564934063,"Healthy"
"Norway","Europe","13",84.45,2.6,3.8,73.2071428571429,27.91,14.462,39.7,64800.057,1850.23535260077,"Healthy"
"Norway","Europe","14",87.6,1.45,1.65,73.37,21.8257142857143,14.462,39.7,64800.057,1870.52578943796,"Healthy"
"Norway","Europe","15",79.65,2.55,5.75,73.4742857142857,13.89,14.462,39.7,64800.057,1245.8218441098,"Healthy"
"Pakistan","Eastern Mediterranean","3",65.1,13.85,1.45,22.044,44.91,255.573,23.5,5034.708,1.02486710819522,"Unhealthy"
"Pakistan","Eastern Mediterranean","4",64,12.4,1.8,22.69,43.06,255.573,23.5,5034.708,0.92673208613667,"Unhealthy"
"Pakistan","Eastern Mediterranean","5",65.7,9,1.8,24.502,54.17,255.573,23.5,5034.708,0.991563367677616,"Unhealthy"
"Pakistan","Eastern Mediterranean","6",66,11.5,1.5,26.152,54.17,255.573,23.5,5034.708,1.26643023941628,"Unhealthy"
"Pakistan","Eastern Mediterranean","7",65,10.1,2,28.0675,54.17,255.573,23.5,5034.708,2.9098588214919,"Unhealthy"
"Pakistan","Eastern Mediterranean","8",87.2,10,2,30.88,54.17,255.573,23.5,5034.708,7.83037547050026,"Unhealthy"
"Pakistan","Eastern Mediterranean","9",65.7,10.6,1.75,32.41,54.17,255.573,23.5,5034.708,17.7171459054945,"Unhealthy"
"Pakistan","Eastern Mediterranean","10",81.5,11,1.75,33.7175,54.17,255.573,23.5,5034.708,22.208710376636,"Unhealthy"
"Pakistan","Eastern Mediterranean","11",63.5,11.3,2,34.7125,60.5185714285714,255.573,23.5,5034.708,19.9227416275073,"Unhealthy"
"Pakistan","Eastern Mediterranean","12",71.25,12.25,2,35.7,65.28,255.573,23.5,5034.708,11.4089734015858,"Unhealthy"
"Pakistan","Eastern Mediterranean","13",51.5,14.25,2,37.366,65.28,255.573,23.5,5034.708,8.03019791360591,"Unhealthy"
"Pakistan","Eastern Mediterranean","14",60,15.5,1.9,39.634,65.28,255.573,23.5,5034.708,3.9880119145153,"Unhealthy"
"Pakistan","Eastern Mediterranean","15",69.85,14.5,2.5,41.755,65.28,255.573,23.5,5034.708,2.59591556087924,"Unhealthy"
"Poland","Europe","3",89.5,0.95,4.15,53.828,41.67,124.027,41.8,27216.445,414.908590628886,"Healthy"
"Poland","Europe","4",91.1,-2.15,2.85,54.19,44.0442857142857,124.027,41.8,27216.445,345.535359949202,"Healthy"
"Poland","Europe","5",93.5,3.75,4,54.614,44.44,124.027,41.8,27216.445,240.823345768183,"Healthy"
"Poland","Europe","6",84.9,-3,2.75,54.9814285714286,42.06,124.027,41.8,27216.445,205.254385268672,"Healthy"
"Poland","Europe","7",93,3.25,3.45,55.3085714285714,39.81,124.027,41.8,27216.445,226.928063073789,"Healthy"
"Poland","Europe","8",83.85,1,3.4,55.648,41.3985714285714,124.027,41.8,27216.445,264.179696801333,"Healthy"
"Poland","Europe","9",87,-0.15,3.4,55.9971428571429,45.37,124.027,41.8,27216.445,542.760007407995,"Healthy"
"Poland","Europe","10",81.9,-0.5,4.55,56.545,42.4614285714286,124.027,41.8,27216.445,884.678678201974,"Healthy"
"Poland","Europe","11",86,2,5.2,56.97,44.44,124.027,41.8,27216.445,823.102362621372,"Healthy"
"Poland","Europe","12",85.5,1.6,3.7,57.3283333333333,44.18,124.027,41.8,27216.445,645.241685848083,"Healthy"
"Poland","Europe","13",81.8,3.1,3.8,57.7242857142857,45.37,124.027,41.8,27216.445,387.033362436172,"Healthy"
"Poland","Europe","14",71.5,5.45,5.5,58.0771428571429,45.37,124.027,41.8,27216.445,282.170542635659,"Healthy"
"Poland","Europe","15",75.45,4.1,5.5,58.375,45.37,124.027,41.8,27216.445,214.948276318226,"Healthy"
"Portugal","Europe","3",85.4,12.1,2.6,88.5742857142857,40.74,112.371,46.2,27936.896,269.553575494228,"Healthy"
"Portugal","Europe","4",87,12.8,2.55,88.4514285714286,42.7257142857143,112.371,46.2,27936.896,299.2449883816,"Healthy"
"Portugal","Europe","5",85,11.65,2.75,88.6971428571429,43.52,112.371,46.2,27936.896,543.050925936398,"Healthy"
"Portugal","Europe","6",94,14.3,3.55,88.9457142857143,43.52,112.371,46.2,27936.896,1346.2238059828,"Healthy"
"Portugal","Europe","7",92.25,14.85,2.65,89.2385714285714,46.4285714285714,112.371,46.2,27936.896,1971.79896031864,"Healthy"
"Portugal","Europe","8",81.75,11.85,2,89.4585714285714,44.1785714285714,112.371,46.2,27936.896,2353.24362704163,"Healthy"
"Portugal","Europe","9",82.25,11.6,2.4,89.7042857142857,42.59,112.371,46.2,27936.896,3182.09530107575,"Healthy"
"Portugal","Europe","10",81.3,10.95,2.25,90.0442857142857,34.13,112.371,46.2,27936.896,3838.49287607705,"Healthy"
"Portugal","Europe","11",76.8,10.7,2.95,90.2485714285714,31.48,112.371,46.2,27936.896,3127.37419431677,"Healthy"
"Portugal","Europe","12",77.3,12.8,2.25,90.4071428571429,31.48,112.371,46.2,27936.896,1815.39533688444,"Healthy"
"Portugal","Europe","13",67.3,14.4,2.75,90.6028571428571,31.48,112.371,46.2,27936.896,1071.02502644837,"Healthy"
"Portugal","Europe","14",80.5,11.4,2.4,91.2442857142857,30.6857142857143,112.371,46.2,27936.896,720.62898194646,"Healthy"
"Portugal","Europe","15",77.55,12.3,2.65,91.3871428571429,20.2371428571429,112.371,46.2,27936.896,696.622112500262,"Healthy"
"Romania","Europe","3",78.5,3.2,2.5,38.2228571428571,57.6685714285714,85.129,43,23313.199,38.2323670524722,"Healthy"
"Romania","Europe","4",93.5,4.2,2,39.0414285714286,58.33,85.129,43,23313.199,27.5672462009689,"Healthy"
"Romania","Europe","5",88.9,2,2,39.6957142857143,52.78,85.129,43,23313.199,24.5193219576227,"Healthy"
"Romania","Europe","6",73.5,-0.5,2.5,40.2171428571429,52.78,85.129,43,23313.199,41.5416913166886,"Healthy"
"Romania","Europe","7",95.2,2,2,40.5842857142857,52.78,85.129,43,23313.199,154.137136306309,"Healthy"
"Romania","Europe","8",84.5,4.6,2,40.8214285714286,52.78,85.129,43,23313.199,292.809847377938,"Healthy"
"Romania","Europe","9",83,-1.1,2.4,41.0728571428571,52.78,85.129,43,23313.199,560.483468749,"Healthy"
"Romania","Europe","10",67.1,0,2.2,41.3242857142857,52.78,85.129,43,23313.199,908.025252496736,"Healthy"
"Romania","Europe","11",70.8,0,2,41.4814285714286,52.78,85.129,43,23313.199,1092.58412323192,"Healthy"
"Romania","Europe","12",64,0.9,2,41.62,52.78,85.129,43,23313.199,860.711848719234,"Healthy"
"Romania","Europe","13",70.1,3.7,2,41.7757142857143,48.0142857142857,85.129,43,23313.199,551.998424071554,"Healthy"
"Romania","Europe","14",70.6,5.5,2,41.9057142857143,47.22,85.129,43,23313.199,358.363744611761,"Healthy"
"Romania","Europe","15",71.7,4.8,2,41.9966666666667,47.22,85.129,43,23313.199,212.722108983733,"Healthy"
"Serbia","Europe","3",70.5,5,1.95,45.126,38.89,80.291,41.2,14048.881,155.481727768143,"Healthy"
"Serbia","Europe","4",84,4.4,2.4,45.515,35.7128571428571,80.291,41.2,14048.881,124.513446535402,"Healthy"
"Serbia","Europe","5",86,2.3,3.05,45.908,33.33,80.291,41.2,14048.881,114.00635111715,"Healthy"
"Serbia","Europe","6",75,2,1.65,46.16,29.3614285714286,80.291,41.2,14048.881,166.716461373254,"Healthy"
"Serbia","Europe","7",92.4,5.4,1.2,46.535,28.7,80.291,41.2,14048.881,606.806589549631,"Healthy"
"Serbia","Europe","8",80,3,1.25,46.775,28.7,80.291,41.2,14048.881,1200.61756108195,"Healthy"
"Serbia","Europe","9",79.7,-1,1.45,46.9,28.7,80.291,41.2,14048.881,1565.79006153927,"Healthy"
"Serbia","Europe","10",70.7,0.5,2.55,47.02,28.7,80.291,41.2,14048.881,1696.15371909702,"Healthy"
"Serbia","Europe","11",76.5,1.1,1.75,47.11,28.7,80.291,41.2,14048.881,1578.21812177083,"Unhealthy"
"Serbia","Europe","12",69.5,3.1,1.75,47.2,35.0514285714286,80.291,41.2,14048.881,1123.95360171443,"Healthy"
"Serbia","Europe","13",62.8,6,2.85,47.25,36.11,80.291,41.2,14048.881,644.148981299262,"Healthy"
"Serbia","Europe","14",59,9,1.65,47.345,36.11,80.291,41.2,14048.881,391.54210834911,"Healthy"
"Serbia","Europe","15",62,6,2.8,47.4,36.11,80.291,41.2,14048.881,259.548541252792,"Healthy"
"Russian Federation","Europe","3",64,-1.25,3.9,37.7114285714286,60.65,8.823,39.6,24765.954,147.543017394413,"Healthy"
"Russian Federation","Europe","4",71.25,-7.35,2.8,39.4285714285714,58.7985714285714,8.823,39.6,24765.954,135.625562093849,"Healthy"
"Russian Federation","Europe","5",77.8,-5.5,2.75,41.12,52.8414285714286,8.823,39.6,24765.954,121.463603595323,"Healthy"
"Russian Federation","Europe","6",73.5,-14.25,3,42.7814285714286,54.17,8.823,39.6,24765.954,100.023286635011,"Healthy"
"Russian Federation","Europe","7",78.8,-13.3,2.8,44.3433333333333,54.17,8.823,39.6,24765.954,77.3637418306766,"Healthy"
"Russian Federation","Europe","8",75.55,-7.55,2.5,45.48,54.17,8.823,39.6,24765.954,104.641823139152,"Healthy"
"Russian Federation","Europe","9",76,-12.2,3.6,46.0175,51.7871428571429,8.823,39.6,24765.954,208.794995658411,"Healthy"
"Russian Federation","Europe","10",78.3,-13.8,2.5,46.7233333333333,48.61,8.823,39.6,24765.954,430.955579520377,"Healthy"
"Russian Federation","Europe","11",75.7,-13.5,1.5,47.336,48.61,8.823,39.6,24765.954,735.450708783955,"Healthy"
"Russian Federation","Europe","12",79.1,-7.4,1.8,47.6675,48.61,8.823,39.6,24765.954,906.978727222353,"Healthy"
"Russian Federation","Europe","13",66.5,-16.5,2,48.0471428571429,48.61,8.823,39.6,24765.954,847.709450561928,"Healthy"
"Russian Federation","Europe","14",75.5,-7.8,3.6,48.455,40.28,8.823,39.6,24765.954,630.994614001031,"Healthy"
"Russian Federation","Europe","15",74,-3.5,4,48.9275,40.28,8.823,39.6,24765.954,445.844003176106,"Healthy"
"Sweden","Europe","3",90.5,-5.4,2.65,69.92,19.44,24.718,41,46949.283,175.095685018315,"Healthy"
"Sweden","Europe","4",86,0,1.5,70.62,19.44,24.718,41,46949.283,225.882291802717,"Healthy"
"Sweden","Europe","5",86,4.1,3.25,71.31,19.44,24.718,41,46949.283,287.013224891461,"Healthy"
"Sweden","Europe","6",87,-5,2.3,71.94,19.44,24.718,41,46949.283,516.714354568664,"Healthy"
"Sweden","Europe","7",93.4,1.5,2.5,72.2,36.3714285714286,24.718,41,46949.283,986.903846681927,"Healthy"
"Sweden","Europe","8",90.75,0.5,2.65,72.37,49.07,24.718,41,46949.283,1504.15953136166,"Healthy"
"Sweden","Europe","9",86.55,2.25,4.6,72.63,49.07,24.718,41,46949.283,2318.1034863726,"Healthy"
"Sweden","Europe","10",77.1,1.65,3.95,73.16,51.72,24.718,41,46949.283,2798.68651661849,"Healthy"
"Sweden","Europe","11",87.6,3,4.85,73.59,51.9857142857143,24.718,41,46949.283,2018.25581666586,"Healthy"
"Sweden","Europe","12",84.95,-0.75,2.8,73.85,50,24.718,41,46949.283,870.015912152556,"Healthy"
"Sweden","Europe","13",78,2.75,5.25,74.06,50,24.718,41,46949.283,227.19132643495,"Healthy"
"Sweden","Europe","14",87.5,2.25,3.8,74.26,28.1714285714286,24.718,41,46949.283,178.481458803942,"Healthy"
"Sweden","Europe","15",80.75,1.5,3.85,74.43,19.44,24.718,41,46949.283,133.098310764625,"Healthy"
"Thailand","South-East Asia","3",64,25,3,57.2414285714286,55.09,135.132,40.1,16277.671,39.1775115679805,"Healthy"
"Thailand","South-East Asia","4",70,25,2,60.4316666666667,42.3957142857143,135.132,40.1,16277.671,32.711542408266,"Healthy"
"Thailand","South-East Asia","5",65,25.5,2.5,61.8857142857143,40.28,135.132,40.1,16277.671,26.3642279998795,"Healthy"
"Thailand","South-East Asia","6",66,26,2.3,63.3171428571429,44.58,135.132,40.1,16277.671,28.0025213133954,"Unhealthy"
"Thailand","South-East Asia","7",73.3,27,2.4,64.72,46.3,135.132,40.1,16277.671,57.1715760856295,"Healthy"
"Thailand","South-East Asia","8",73.5,26,1.7,66.0385714285714,46.3,135.132,40.1,16277.671,78.5337200506115,"Healthy"
"Thailand","South-East Asia","9",81,26,2,66.8171428571429,50.93,135.132,40.1,16277.671,75.7889354415795,"Healthy"
"Thailand","South-East Asia","10",78,26,2.3,67.8885714285714,48.2828571428571,135.132,40.1,16277.671,78.6752480070148,"Healthy"
"Thailand","South-East Asia","11",80.5,27,2,68.7357142857143,48.4142857142857,135.132,40.1,16277.671,92.1604319742018,"Healthy"
"Thailand","South-East Asia","12",80.5,27,2.5,69.38,48.15,135.132,40.1,16277.671,137.70527200501,"Healthy"
"Thailand","South-East Asia","13",78,27.5,2,69.8228571428571,48.15,135.132,40.1,16277.671,170.102307843491,"Healthy"
"Thailand","South-East Asia","14",80.5,27,2.3,70.2142857142857,48.15,135.132,40.1,16277.671,224.873626971534,"Healthy"
"Thailand","South-East Asia","15",55.5,26.5,2.5,70.55,48.15,135.132,40.1,16277.671,224.556261251115,"Healthy"
"Turkey","Europe","3",71.5,10.75,2.8,59.0714285714286,54.63,104.914,31.6,25129.341,165.167545879521,"Healthy"
"Turkey","Europe","4",71,11.5,2.8,59.4342857142857,54.63,104.914,31.6,25129.341,155.199616343482,"Healthy"
"Turkey","Europe","5",87,4.85,2.25,59.7557142857143,54.63,104.914,31.6,25129.341,155.082028405107,"Healthy"
"Turkey","Europe","6",78.55,3.1,2,60.0528571428571,49.07,104.914,31.6,25129.341,273.15090144795,"Healthy"
"Turkey","Europe","7",74,9,2,60.3428571428571,49.07,104.914,31.6,25129.341,467.346205794696,"Healthy"
"Turkey","Europe","8",78.6,8.5,1.75,60.6242857142857,49.07,104.914,31.6,25129.341,571.876003613054,"Healthy"
"Turkey","Europe","9",78,1.75,3,60.9216666666667,49.07,104.914,31.6,25129.341,562.731189645639,"Healthy"
"Turkey","Europe","10",75,-0.75,3,61.1985714285714,53.8357142857143,104.914,31.6,25129.341,654.788434840572,"Healthy"
"Turkey","Europe","11",79,-2,2.15,61.4,54.63,104.914,31.6,25129.341,837.333126253135,"Healthy"
"Turkey","Europe","12",80,3,2.25,61.54,54.63,104.914,31.6,25129.341,804.262694464581,"Healthy"
"Turkey","Europe","13",76.5,4,2,61.6871428571429,54.63,104.914,31.6,25129.341,705.052574978303,"Healthy"
"Turkey","Europe","14",75.8,5,1.9,61.83,59.9228571428571,104.914,31.6,25129.341,636.455299368543,"Healthy"
"Turkey","Europe","15",81,8,2.25,61.95,62.04,104.914,31.6,25129.341,412.531412441858,"Healthy"
"Ukraine","Europe","3",89,2.4,2.5,24.3557142857143,57.41,77.39,41.4,7894.393,141.751794046503,"Healthy"
"Ukraine","Europe","4",98,1,2,26.5471428571429,58.2042857142857,77.39,41.4,7894.393,112.865394208024,"Healthy"
"Ukraine","Europe","5",96,1,2.5,28.1828571428571,60.19,77.39,41.4,7894.393,85.0602788490035,"Healthy"
"Ukraine","Europe","6",86,-5.3,2.2,29.5014285714286,55.4242857142857,77.39,41.4,7894.393,67.6700035719198,"Healthy"
"Ukraine","Europe","7",94.75,-2,2.5,30.5814285714286,51.85,77.39,41.4,7894.393,64.2674083695376,"Healthy"
"Ukraine","Europe","8",92,4,1.5,31.44,51.85,77.39,41.4,7894.393,119.596965243974,"Healthy"
"Ukraine","Europe","9",86,-2.55,2.3,32.0428571428571,61.3728571428571,77.39,41.4,7894.393,236.95544155494,"Healthy"
"Ukraine","Europe","10",82,-1,3.6,32.67,62.96,77.39,41.4,7894.393,425.644184431059,"Healthy"
"Ukraine","Europe","11",87,-1.6,4.1,33.1785714285714,73.28,77.39,41.4,7894.393,555.803228494598,"Healthy"
"Ukraine","Europe","12",86,0,1.8,33.56,75,77.39,41.4,7894.393,555.920559363645,"Healthy"
"Ukraine","Europe","13",86,2.5,2.9,33.9171428571429,75,77.39,41.4,7894.393,448.781371686202,"Healthy"
"Ukraine","Europe","14",74,4,3.2,34.3142857142857,75,77.39,41.4,7894.393,255.882521156021,"Healthy"
"Ukraine","Europe","15",79.1,3.35,2.65,34.7057142857143,75,77.39,41.4,7894.393,92.6338714157663,"Healthy"
