"iso_code","Week","people_fully_vaccinated_per_100","stringency_index","population","population_density","median_age","gdp_per_capita"
"AW",2021 W47,72.6842857142857,41.67,107195,584.8,41.2,35973.781
"AW",2021 W48,72.814,41.67,107195,584.8,41.2,35973.781
"AW",2021 W49,73.062,41.67,107195,584.8,41.2,35973.781
"AW",2021 W50,73.254,41.67,107195,584.8,41.2,35973.781
"AW",2021 W51,73.4825,41.67,107195,584.8,41.2,35973.781
"AW",2021 W52,73.6466666666667,41.67,107195,584.8,41.2,35973.781
"AW",2022 W01,73.79,41.67,107195,584.8,41.2,35973.781
"AW",2022 W02,73.995,38.49,107195,584.8,41.2,35973.781
"AW",2022 W03,74.2142857142857,37.96,107195,584.8,41.2,35973.781
"AW",2022 W04,74.37,37.96,107195,584.8,41.2,35973.781
"AW",2022 W05,74.534,33.2028571428571,107195,584.8,41.2,35973.781
"AW",2022 W06,74.694,32.41,107195,584.8,41.2,35973.781
"AW",2022 W07,74.854,28.1757142857143,107195,584.8,41.2,35973.781
"AO",2021 W47,8.13,60.25,33933611,23.89,16.8,5819.495
"AO",2021 W48,9.05,65.0814285714286,33933611,23.89,16.8,5819.495
"AO",2021 W49,9.72,66.67,33933611,23.89,16.8,5819.495
"AO",2021 W50,10.49,66.67,33933611,23.89,16.8,5819.495
"AO",2021 W51,11.03,66.67,33933611,23.89,16.8,5819.495
"AO",2021 W52,11.58,68.2571428571429,33933611,23.89,16.8,5819.495
"AO",2022 W01,12.035,77.78,33933611,23.89,16.8,5819.495
"AO",2022 W02,12.535,77.78,33933611,23.89,16.8,5819.495
"AO",2022 W03,13.38,71.4285714285714,33933611,23.89,16.8,5819.495
"AO",2022 W04,13.94,70.37,33933611,23.89,16.8,5819.495
"AO",2022 W05,14.38,70.37,33933611,23.89,16.8,5819.495
"AO",2022 W06,14.99,61.6442857142857,33933611,23.89,16.8,5819.495
"AO",2022 W07,15.55,60.19,33933611,23.89,16.8,5819.495
"AL",2021 W47,33.2333333333333,45.37,2872934,104.871,38,11803.431
"AL",2021 W48,33.715,45.37,2872934,104.871,38,11803.431
"AL",2021 W49,34.235,45.37,2872934,104.871,38,11803.431
"AL",2021 W50,34.8375,47.7528571428571,2872934,104.871,38,11803.431
"AL",2021 W51,35.37,46.3,2872934,104.871,38,11803.431
"AL",2021 W52,35.89,46.3,2872934,104.871,38,11803.431
"AL",2022 W01,36.7,43.9171428571429,2872934,104.871,38,11803.431
"AL",2022 W02,37.1,43.52,2872934,104.871,38,11803.431
"AL",2022 W03,37.895,58.5971428571429,2872934,104.871,38,11803.431
"AL",2022 W04,38.69,61.11,2872934,104.871,38,11803.431
"AL",2022 W05,40.44,61.11,2872934,104.871,38,11803.431
"AL",2022 W06,40.88,61.11,2872934,104.871,38,11803.431
"AL",2022 W07,41.22,61.11,2872934,104.871,38,11803.431
"AE",2021 W47,89.2057142857143,46.3,9991083,112.442,34,67293.483
"AE",2021 W48,89.5,51.85,9991083,112.442,34,67293.483
"AE",2021 W49,89.9828571428571,51.85,9991083,112.442,34,67293.483
"AE",2021 W50,90.28,51.85,9991083,112.442,34,67293.483
"AE",2021 W51,90.68,57.4042857142857,9991083,112.442,34,67293.483
"AE",2021 W52,91.035,56.7442857142857,9991083,112.442,34,67293.483
"AE",2022 W01,91.39,52.78,9991083,112.442,34,67293.483
"AE",2022 W02,91.846,52.78,9991083,112.442,34,67293.483
"AE",2022 W03,92.335,44.44,9991083,112.442,34,67293.483
"AE",2022 W04,92.8542857142857,44.44,9991083,112.442,34,67293.483
"AE",2022 W05,93.475,44.44,9991083,112.442,34,67293.483
"AE",2022 W06,93.8916666666667,44.44,9991083,112.442,34,67293.483
"AE",2022 W07,94.3066666666667,25.7928571428571,9991083,112.442,34,67293.483
"AR",2021 W47,63.456,42.59,45605823,16.177,31.9,18933.907
"AR",2021 W48,65.6871428571429,42.59,45605823,16.177,31.9,18933.907
"AR",2021 W49,67.462,41.8014285714286,45605823,16.177,31.9,18933.907
"AR",2021 W50,68.9014285714286,39.55,45605823,16.177,31.9,18933.907
"AR",2021 W51,70.108,37.96,45605823,16.177,31.9,18933.907
"AR",2021 W52,71.3366666666667,40.3428571428571,45605823,16.177,31.9,18933.907
"AR",2022 W01,72.6375,41.0085714285714,45605823,16.177,31.9,18933.907
"AR",2022 W02,73.6985714285714,37.04,45605823,16.177,31.9,18933.907
"AR",2022 W03,74.7883333333333,37.04,45605823,16.177,31.9,18933.907
"AR",2022 W04,75.802,37.04,45605823,16.177,31.9,18933.907
"AR",2022 W05,76.6333333333333,37.04,45605823,16.177,31.9,18933.907
"AR",2022 W06,77.3785714285714,37.04,45605823,16.177,31.9,18933.907
"AR",2022 W07,78.115,37.04,45605823,16.177,31.9,18933.907
"AU",2021 W47,72.0457142857143,72.69,25788217,3.202,37.9,44648.71
"AU",2021 W48,73.2885714285714,72.69,25788217,3.202,37.9,44648.71
"AU",2021 W49,74.3828571428571,66.3385714285714,25788217,3.202,37.9,44648.71
"AU",2021 W50,75.4485714285714,48.0828571428571,25788217,3.202,37.9,44648.71
"AU",2021 W51,76.2228571428571,43.0571428571429,25788217,3.202,37.9,44648.71
"AU",2021 W52,76.5542857142857,40.28,25788217,3.202,37.9,44648.71
"AU",2022 W01,76.9785714285714,43.4514285714286,25788217,3.202,37.9,44648.71
"AU",2022 W02,77.4871428571429,44.2442857142857,25788217,3.202,37.9,44648.71
"AU",2022 W03,77.86,64.2214285714286,25788217,3.202,37.9,44648.71
"AU",2022 W04,78.18,64.68,25788217,3.202,37.9,44648.71
"AU",2022 W05,78.5442857142857,55.56,25788217,3.202,37.9,44648.71
"AU",2022 W06,78.8585714285714,53.9057142857143,25788217,3.202,37.9,44648.71
"AU",2022 W07,79.1157142857143,43.98,25788217,3.202,37.9,44648.71
"AT",2021 W47,64.95,65.6042857142857,9043072,106.749,44.4,45436.686
"AT",2021 W48,65.96,67.59,9043072,106.749,44.4,45436.686
"AT",2021 W49,67.06,67.1928571428572,9043072,106.749,44.4,45436.686
"AT",2021 W50,68.22,64.81,9043072,106.749,44.4,45436.686
"AT",2021 W51,68.89,62.83,9043072,106.749,44.4,45436.686
"AT",2021 W52,69.46,64.15,9043072,106.749,44.4,45436.686
"AT",2022 W01,70.2,64.81,9043072,106.749,44.4,45436.686
"AT",2022 W02,70.9,64.81,9043072,106.749,44.4,45436.686
"AT",2022 W03,71.32,64.81,9043072,106.749,44.4,45436.686
"AT",2022 W04,71.67,64.8171428571429,9043072,106.749,44.4,45436.686
"AT",2022 W05,72.02,61.11,9043072,106.749,44.4,45436.686
"AT",2022 W06,72.29,60.0528571428571,9043072,106.749,44.4,45436.686
"AT",2022 W07,72.47,57.41,9043072,106.749,44.4,45436.686
"AZ",2021 W47,44.4442857142857,51.85,10223344,119.309,32.4,15847.419
"AZ",2021 W48,44.7757142857143,43.9142857142857,10223344,119.309,32.4,15847.419
"AZ",2021 W49,45.0485714285714,40.74,10223344,119.309,32.4,15847.419
"AZ",2021 W50,45.29,41.93,10223344,119.309,32.4,15847.419
"AZ",2021 W51,45.4933333333333,49.07,10223344,119.309,32.4,15847.419
"AZ",2021 W52,45.6928571428571,49.07,10223344,119.309,32.4,15847.419
"AZ",2022 W01,45.8257142857143,45.8985714285714,10223344,119.309,32.4,15847.419
"AZ",2022 W02,46.025,43.52,10223344,119.309,32.4,15847.419
"AZ",2022 W03,46.1928571428571,44.7114285714286,10223344,119.309,32.4,15847.419
"AZ",2022 W04,46.3285714285714,46.3,10223344,119.309,32.4,15847.419
"AZ",2022 W05,46.425,46.3,10223344,119.309,32.4,15847.419
"AZ",2022 W06,46.5471428571429,46.3,10223344,119.309,32.4,15847.419
"AZ",2022 W07,46.635,46.3,10223344,119.309,32.4,15847.419
"BE",2021 W47,74.9,49.0071428571429,11632334,375.564,41.8,42658.576
"BE",2021 W48,75.1171428571429,45.2342857142857,11632334,375.564,41.8,42658.576
"BE",2021 W49,75.3242857142857,44.44,11632334,375.564,41.8,42658.576
"BE",2021 W50,75.5328571428571,44.44,11632334,375.564,41.8,42658.576
"BE",2021 W51,75.7242857142857,44.44,11632334,375.564,41.8,42658.576
"BE",2021 W52,75.8085714285714,44.44,11632334,375.564,41.8,42658.576
"BE",2022 W01,75.9114285714286,44.44,11632334,375.564,41.8,42658.576
"BE",2022 W02,76.0485714285714,44.44,11632334,375.564,41.8,42658.576
"BE",2022 W03,76.1357142857143,44.44,11632334,375.564,41.8,42658.576
"BE",2022 W04,76.2371428571429,49.2057142857143,11632334,375.564,41.8,42658.576
"BE",2022 W05,76.5171428571429,50,11632334,375.564,41.8,42658.576
"BE",2022 W06,77.0485714285714,50,11632334,375.564,41.8,42658.576
"BE",2022 W07,77.5871428571429,50,11632334,375.564,41.8,42658.576
"BG",2021 W47,25.14,47.22,6896655,65.18,44.7,18563.307
"BG",2021 W48,25.8683333333333,47.22,6896655,65.18,44.7,18563.307
"BG",2021 W49,26.4885714285714,49.2057142857143,6896655,65.18,44.7,18563.307
"BG",2021 W50,26.9857142857143,50,6896655,65.18,44.7,18563.307
"BG",2021 W51,27.4314285714286,50,6896655,65.18,44.7,18563.307
"BG",2021 W52,27.6914285714286,50,6896655,65.18,44.7,18563.307
"BG",2022 W01,28.0042857142857,50,6896655,65.18,44.7,18563.307
"BG",2022 W02,28.3642857142857,50,6896655,65.18,44.7,18563.307
"BG",2022 W03,28.5914285714286,50,6896655,65.18,44.7,18563.307
"BG",2022 W04,28.81,50,6896655,65.18,44.7,18563.307
"BG",2022 W05,29.0828571428571,45.2342857142857,6896655,65.18,44.7,18563.307
"BG",2022 W06,29.3214285714286,44.44,6896655,65.18,44.7,18563.307
"BG",2022 W07,29.49,44.44,6896655,65.18,44.7,18563.307
"BH",2021 W47,66.14,30.8214285714286,1748295,1935.907,32.4,43290.705
"BH",2021 W48,66.3828571428571,32.41,1748295,1935.907,32.4,43290.705
"BH",2021 W49,66.5985714285714,32.41,1748295,1935.907,32.4,43290.705
"BH",2021 W50,66.7985714285714,32.41,1748295,1935.907,32.4,43290.705
"BH",2021 W51,67.0628571428571,32.41,1748295,1935.907,32.4,43290.705
"BH",2021 W52,67.3442857142857,32.41,1748295,1935.907,32.4,43290.705
"BH",2022 W01,67.5742857142857,32.41,1748295,1935.907,32.4,43290.705
"BH",2022 W02,67.8528571428571,32.41,1748295,1935.907,32.4,43290.705
"BH",2022 W03,68.0985714285714,45.6385714285714,1748295,1935.907,32.4,43290.705
"BH",2022 W04,68.2157142857143,50.93,1748295,1935.907,32.4,43290.705
"BH",2022 W05,68.3614285714286,50.93,1748295,1935.907,32.4,43290.705
"BH",2022 W06,68.4733333333333,50.93,1748295,1935.907,32.4,43290.705
"BH",2022 W07,68.417380952381,40.61,1748295,1935.907,32.4,43290.705
"BY",2021 W47,28.72,19.44,9442867,46.858,40.3,17167.967
"BY",2021 W48,30.35,19.44,9442867,46.858,40.3,17167.967
"BY",2021 W49,32.19,19.44,9442867,46.858,40.3,17167.967
"BY",2021 W50,34.19,19.44,9442867,46.858,40.3,17167.967
"BY",2021 W51,36,19.44,9442867,46.858,40.3,17167.967
"BY",2021 W52,37.81,19.44,9442867,46.858,40.3,17167.967
"BY",2022 W01,39.38,19.97,9442867,46.858,40.3,17167.967
"BY",2022 W02,41.42,23.15,9442867,46.858,40.3,17167.967
"BY",2022 W03,43.34,23.15,9442867,46.858,40.3,17167.967
"BY",2022 W04,44.84,23.15,9442867,46.858,40.3,17167.967
"BY",2022 W05,46.31,23.15,9442867,46.858,40.3,17167.967
"BY",2022 W06,47.63,23.15,9442867,46.858,40.3,17167.967
"BY",2022 W07,49.06,23.15,9442867,46.858,40.3,17167.967
"BZ",2021 W47,48.2775,65.74,404915,16.426,25,7824.362
"BZ",2021 W48,47.965,66.9314285714286,404915,16.426,25,7824.362
"BZ",2021 W49,48.59,68.52,404915,16.426,25,7824.362
"BZ",2021 W50,48.95,69.0485714285714,404915,16.426,25,7824.362
"BZ",2021 W51,49.18,72.22,404915,16.426,25,7824.362
"BZ",2021 W52,49.32,72.22,404915,16.426,25,7824.362
"BZ",2022 W01,49.46,72.22,404915,16.426,25,7824.362
"BZ",2022 W02,49.73,76.9857142857143,404915,16.426,25,7824.362
"BZ",2022 W03,49.93,77.78,404915,16.426,25,7824.362
"BZ",2022 W04,50.19,77.78,404915,16.426,25,7824.362
"BZ",2022 W05,50.49,77.78,404915,16.426,25,7824.362
"BZ",2022 W06,50.69,77.78,404915,16.426,25,7824.362
"BZ",2022 W07,50.84,77.78,404915,16.426,25,7824.362
"BO",2021 W47,34.6271428571429,28.24,11832936,10.202,25.4,6885.829
"BO",2021 W48,35.38,27.2471428571429,11832936,10.202,25.4,6885.829
"BO",2021 W49,36.4028571428571,26.85,11832936,10.202,25.4,6885.829
"BO",2021 W50,37.3442857142857,26.85,11832936,10.202,25.4,6885.829
"BO",2021 W51,38.0285714285714,26.85,11832936,10.202,25.4,6885.829
"BO",2021 W52,38.6785714285714,26.85,11832936,10.202,25.4,6885.829
"BO",2022 W01,39.9871428571429,26.85,11832936,10.202,25.4,6885.829
"BO",2022 W02,41.1942857142857,26.85,11832936,10.202,25.4,6885.829
"BO",2022 W03,42.43,26.85,11832936,10.202,25.4,6885.829
"BO",2022 W04,43.6285714285714,22.8857142857143,11832936,10.202,25.4,6885.829
"BO",2022 W05,44.8428571428571,21.3,11832936,10.202,25.4,6885.829
"BO",2022 W06,45.7742857142857,45.9,11832936,10.202,25.4,6885.829
"BO",2022 W07,46.5485714285714,50,11832936,10.202,25.4,6885.829
"BR",2021 W47,61.5014285714286,56.02,213993441,25.04,33.5,14103.452
"BR",2021 W48,63.2271428571429,61.57,213993441,25.04,33.5,14103.452
"BR",2021 W49,64.7928571428571,61.57,213993441,25.04,33.5,14103.452
"BR",2021 W50,65.8471428571429,61.57,213993441,25.04,33.5,14103.452
"BR",2021 W51,66.3566666666667,61.57,213993441,25.04,33.5,14103.452
"BR",2021 W52,66.9414285714286,61.57,213993441,25.04,33.5,14103.452
"BR",2022 W01,67.26,61.57,213993441,25.04,33.5,14103.452
"BR",2022 W02,67.8914285714286,61.57,213993441,25.04,33.5,14103.452
"BR",2022 W03,69.1528571428571,61.57,213993441,25.04,33.5,14103.452
"BR",2022 W04,69.8428571428571,61.57,213993441,25.04,33.5,14103.452
"BR",2022 W05,70.2971428571429,61.57,213993441,25.04,33.5,14103.452
"BR",2022 W06,70.9071428571429,62.7614285714286,213993441,25.04,33.5,14103.452
"BR",2022 W07,71.4957142857143,69.91,213993441,25.04,33.5,14103.452
"BB",2021 W47,47.32,67.59,287708,664.463,39.8,16978.068
"BB",2021 W48,47.78,67.59,287708,664.463,39.8,16978.068
"BB",2021 W49,48.4028571428571,67.59,287708,664.463,39.8,16978.068
"BB",2021 W50,49.0871428571429,67.59,287708,664.463,39.8,16978.068
"BB",2021 W51,49.5942857142857,67.59,287708,664.463,39.8,16978.068
"BB",2021 W52,49.8333333333333,67.59,287708,664.463,39.8,16978.068
"BB",2022 W01,50.14,66.3985714285714,287708,664.463,39.8,16978.068
"BB",2022 W02,50.5685714285714,64.81,287708,664.463,39.8,16978.068
"BB",2022 W03,50.8585714285714,64.81,287708,664.463,39.8,16978.068
"BB",2022 W04,51.0075,60.8457142857143,287708,664.463,39.8,16978.068
"BB",2022 W05,51.305,59.26,287708,664.463,39.8,16978.068
"BB",2022 W06,51.4871428571429,59.26,287708,664.463,39.8,16978.068
"BB",2022 W07,51.7042857142857,51.85,287708,664.463,39.8,16978.068
"BN",2021 W47,76.505,79.63,441532,81.347,32.4,71809.251
"BN",2021 W48,79.0528571428571,79.63,441532,81.347,32.4,71809.251
"BN",2021 W49,82.96,70.8957142857143,441532,81.347,32.4,71809.251
"BN",2021 W50,86.87,60.8471428571429,441532,81.347,32.4,71809.251
"BN",2021 W51,88.81,57.41,441532,81.347,32.4,71809.251
"BN",2021 W52,90.75,57.41,441532,81.347,32.4,71809.251
"BN",2022 W01,90.99,57.41,441532,81.347,32.4,71809.251
"BN",2022 W02,91.13,57.41,441532,81.347,32.4,71809.251
"BN",2022 W03,91.28,57.41,441532,81.347,32.4,71809.251
"BN",2022 W04,91.36,57.41,441532,81.347,32.4,71809.251
"BN",2022 W05,91.435,57.41,441532,81.347,32.4,71809.251
"BN",2022 W06,91.51,57.41,441532,81.347,32.4,71809.251
"BN",2022 W07,91.57,57.41,441532,81.347,32.4,71809.251
"CA",2021 W47,76.02,72.69,38067913,4.037,41.4,44017.591
"CA",2021 W48,76.3385714285714,71.1,38067913,4.037,41.4,44017.591
"CA",2021 W49,76.6128571428572,65.28,38067913,4.037,41.4,44017.591
"CA",2021 W50,76.8471428571429,65.28,38067913,4.037,41.4,44017.591
"CA",2021 W51,77.0814285714286,68.1871428571429,38067913,4.037,41.4,44017.591
"CA",2021 W52,77.2285714285714,72.42,38067913,4.037,41.4,44017.591
"CA",2022 W01,77.45,78.24,38067913,4.037,41.4,44017.591
"CA",2022 W02,77.7885714285714,78.24,38067913,4.037,41.4,44017.591
"CA",2022 W03,78.14,76.6528571428571,38067913,4.037,41.4,44017.591
"CA",2022 W04,78.7528571428571,78.24,38067913,4.037,41.4,44017.591
"CA",2022 W05,79.4842857142857,77.4471428571429,38067913,4.037,41.4,44017.591
"CA",2022 W06,80.12,76.39,38067913,4.037,41.4,44017.591
"CA",2022 W07,80.6614285714286,76.39,38067913,4.037,41.4,44017.591
"CH",2021 W47,65.4357142857143,50,8715494,214.243,43.1,57410.166
"CH",2021 W48,65.7457142857143,49.4714285714286,8715494,214.243,43.1,57410.166
"CH",2021 W49,66.0871428571429,46.3,8715494,214.243,43.1,57410.166
"CH",2021 W50,66.44,46.3,8715494,214.243,43.1,57410.166
"CH",2021 W51,66.7328571428571,50,8715494,214.243,43.1,57410.166
"CH",2021 W52,66.9114285714286,51.8514285714286,8715494,214.243,43.1,57410.166
"CH",2022 W01,67.1685714285714,56.48,8715494,214.243,43.1,57410.166
"CH",2022 W02,67.49,56.48,8715494,214.243,43.1,57410.166
"CH",2022 W03,67.7471428571429,56.48,8715494,214.243,43.1,57410.166
"CH",2022 W04,67.9171428571429,56.48,8715494,214.243,43.1,57410.166
"CH",2022 W05,68.0785714285714,56.48,8715494,214.243,43.1,57410.166
"CH",2022 W06,68.29,56.48,8715494,214.243,43.1,57410.166
"CH",2022 W07,68.4857142857143,37.4342857142857,8715494,214.243,43.1,57410.166
"CL",2021 W47,83.6085714285714,35.65,19212362,24.282,35.4,22767.037
"CL",2021 W48,84.2871428571429,39.6142857142857,19212362,24.282,35.4,22767.037
"CL",2021 W49,84.82,41.2,19212362,24.282,35.4,22767.037
"CL",2021 W50,85.33,41.2,19212362,24.282,35.4,22767.037
"CL",2021 W51,85.69,35.65,19212362,24.282,35.4,22767.037
"CL",2021 W52,86.0214285714286,35.65,19212362,24.282,35.4,22767.037
"CL",2022 W01,86.4642857142857,35.65,19212362,24.282,35.4,22767.037
"CL",2022 W02,87.1342857142857,35.65,19212362,24.282,35.4,22767.037
"CL",2022 W03,87.6557142857143,35.65,19212362,24.282,35.4,22767.037
"CL",2022 W04,88.0542857142857,35.65,19212362,24.282,35.4,22767.037
"CL",2022 W05,88.44,31.6785714285714,19212362,24.282,35.4,22767.037
"CL",2022 W06,88.83,30.09,19212362,24.282,35.4,22767.037
"CL",2022 W07,89.1657142857143,30.09,19212362,24.282,35.4,22767.037
"CN",2021 W47,78.9425,66.0728571428571,1444216102,147.674,38.7,15308.712
"CN",2021 W48,77.395,70.83,1444216102,147.674,38.7,15308.712
"CN",2021 W49,80.49,70.83,1444216102,147.674,38.7,15308.712
"CN",2021 W50,82.39,70.83,1444216102,147.674,38.7,15308.712
"CN",2021 W51,83.32,75.5957142857143,1444216102,147.674,38.7,15308.712
"CN",2021 W52,83.6,79.17,1444216102,147.674,38.7,15308.712
"CN",2022 W01,84.09,79.17,1444216102,147.674,38.7,15308.712
"CN",2022 W02,84.52,79.17,1444216102,147.674,38.7,15308.712
"CN",2022 W03,84.78,79.17,1444216102,147.674,38.7,15308.712
"CN",2022 W04,84.99,64.35,1444216102,147.674,38.7,15308.712
"CN",2022 W05,85.02,64.35,1444216102,147.674,38.7,15308.712
"CN",2022 W06,85.05,64.35,1444216102,147.674,38.7,15308.712
"CN",2022 W07,85.34,64.35,1444216102,147.674,38.7,15308.712
"CD",2021 W47,0.055,47.22,92377986,35.879,17,808.133
"CD",2021 W48,0.06,40.8685714285714,92377986,35.879,17,808.133
"CD",2021 W49,0.075,39.81,92377986,35.879,17,808.133
"CD",2021 W50,0.09,39.81,92377986,35.879,17,808.133
"CD",2021 W51,0.11,39.1528571428571,92377986,35.879,17,808.133
"CD",2021 W52,0.12,38.89,92377986,35.879,17,808.133
"CD",2022 W01,0.14,46.03,92377986,35.879,17,808.133
"CD",2022 W02,0.17,47.22,92377986,35.879,17,808.133
"CD",2022 W03,0.18,35.3142857142857,92377986,35.879,17,808.133
"CD",2022 W04,0.23,33.33,92377986,35.879,17,808.133
"CD",2022 W05,0.25,33.33,92377986,35.879,17,808.133
"CD",2022 W06,0.27,33.33,92377986,35.879,17,808.133
"CD",2022 W07,0.37,33.33,92377986,35.879,17,808.133
"CO",2021 W47,47.185,53.1771428571429,51265841,44.223,32.2,13254.949
"CO",2021 W48,48.732,47.22,51265841,44.223,32.2,13254.949
"CO",2021 W49,50.5483333333333,47.22,51265841,44.223,32.2,13254.949
"CO",2021 W50,52.4216666666667,51.1885714285714,51265841,44.223,32.2,13254.949
"CO",2021 W51,54.26,56.0842857142857,51265841,44.223,32.2,13254.949
"CO",2021 W52,55.074,59.26,51265841,44.223,32.2,13254.949
"CO",2022 W01,56.27,59.26,51265841,44.223,32.2,13254.949
"CO",2022 W02,57.7666666666667,59.26,51265841,44.223,32.2,13254.949
"CO",2022 W03,59.408,59.26,51265841,44.223,32.2,13254.949
"CO",2022 W04,61.0533333333333,59.26,51265841,44.223,32.2,13254.949
"CO",2022 W05,62.3766666666667,59.26,51265841,44.223,32.2,13254.949
"CO",2022 W06,63.5457142857143,59.26,51265841,44.223,32.2,13254.949
"CO",2022 W07,64.4216666666667,59.26,51265841,44.223,32.2,13254.949
"CR",2021 W47,61.18,49.07,5139053,96.079,33.6,15524.995
"CR",2021 W48,62.56,49.07,5139053,96.079,33.6,15524.995
"CR",2021 W49,63.79,45.8985714285714,5139053,96.079,33.6,15524.995
"CR",2021 W50,65.47,45.37,5139053,96.079,33.6,15524.995
"CR",2021 W51,67.02,45.37,5139053,96.079,33.6,15524.995
"CR",2021 W52,68.21,46.4271428571429,5139053,96.079,33.6,15524.995
"CR",2022 W01,69.01,53.8357142857143,5139053,96.079,33.6,15524.995
"CR",2022 W02,69.87,54.63,5139053,96.079,33.6,15524.995
"CR",2022 W03,70.61,57.41,5139053,96.079,33.6,15524.995
"CR",2022 W04,71.11,54.2342857142857,5139053,96.079,33.6,15524.995
"CR",2022 W05,71.54,50,5139053,96.079,33.6,15524.995
"CR",2022 W06,72.27,50,5139053,96.079,33.6,15524.995
"CR",2022 W07,72.91,50,5139053,96.079,33.6,15524.995
"CY",2021 W47,64.92,46.3,896005,127.657,37.3,32415.132
"CY",2021 W48,65.445,47.8857142857143,896005,127.657,37.3,32415.132
"CY",2021 W49,65.97,48.15,896005,127.657,37.3,32415.132
"CY",2021 W50,66.575,48.15,896005,127.657,37.3,32415.132
"CY",2021 W51,67.3633333333333,48.15,896005,127.657,37.3,32415.132
"CY",2021 W52,68.1066666666667,47.09,896005,127.657,37.3,32415.132
"CY",2022 W01,68.85,44.44,896005,127.657,37.3,32415.132
"CY",2022 W02,69.1475,44.44,896005,127.657,37.3,32415.132
"CY",2022 W03,69.575,44.44,896005,127.657,37.3,32415.132
"CY",2022 W04,69.8933333333333,42.4614285714286,896005,127.657,37.3,32415.132
"CY",2022 W05,70.8625,41.67,896005,127.657,37.3,32415.132
"CY",2022 W06,71.45,36.11,896005,127.657,37.3,32415.132
"CY",2022 W07,71.734,36.11,896005,127.657,37.3,32415.132
"CZ",2021 W47,59.0128571428571,35.19,10724553,137.176,43.3,32605.906
"CZ",2021 W48,59.7357142857143,35.19,10724553,137.176,43.3,32605.906
"CZ",2021 W49,60.3642857142857,35.19,10724553,137.176,43.3,32605.906
"CZ",2021 W50,61.1042857142857,37.5642857142857,10724553,137.176,43.3,32605.906
"CZ",2021 W51,61.71,37.96,10724553,137.176,43.3,32605.906
"CZ",2021 W52,62.0285714285714,37.96,10724553,137.176,43.3,32605.906
"CZ",2022 W01,62.3942857142857,37.96,10724553,137.176,43.3,32605.906
"CZ",2022 W02,62.7371428571429,39.2828571428571,10724553,137.176,43.3,32605.906
"CZ",2022 W03,62.9471428571429,47.22,10724553,137.176,43.3,32605.906
"CZ",2022 W04,63.1514285714286,47.22,10724553,137.176,43.3,32605.906
"CZ",2022 W05,63.3857142857143,41.67,10724553,137.176,43.3,32605.906
"CZ",2022 W06,63.5628571428571,41.67,10724553,137.176,43.3,32605.906
"CZ",2022 W07,63.6957142857143,41.67,10724553,137.176,43.3,32605.906
"DE",2021 W47,67.79,69.51,83900471,237.016,46.6,45229.245
"DE",2021 W48,68.3142857142857,80.8871428571429,83900471,237.016,46.6,45229.245
"DE",2021 W49,68.8471428571429,84.26,83900471,237.016,46.6,45229.245
"DE",2021 W50,69.5014285714286,84.26,83900471,237.016,46.6,45229.245
"DE",2021 W51,70.1871428571429,84.26,83900471,237.016,46.6,45229.245
"DE",2021 W52,70.5728571428571,84.26,83900471,237.016,46.6,45229.245
"DE",2022 W01,71.0871428571429,84.26,83900471,237.016,46.6,45229.245
"DE",2022 W02,71.8742857142857,84.26,83900471,237.016,46.6,45229.245
"DE",2022 W03,72.5757142857143,84.26,83900471,237.016,46.6,45229.245
"DE",2022 W04,73.17,84.26,83900471,237.016,46.6,45229.245
"DE",2022 W05,73.6471428571429,84.26,83900471,237.016,46.6,45229.245
"DE",2022 W06,74.0642857142857,84.26,83900471,237.016,46.6,45229.245
"DE",2022 W07,74.3957142857143,84.26,83900471,237.016,46.6,45229.245
"DK",2021 W47,75.7242857142857,44.44,5813302,136.52,42.3,46682.515
"DK",2021 W48,76.0571428571428,39.6828571428571,5813302,136.52,42.3,46682.515
"DK",2021 W49,76.5085714285714,38.89,5813302,136.52,42.3,46682.515
"DK",2021 W50,76.9571428571429,38.89,5813302,136.52,42.3,46682.515
"DK",2021 W51,77.4257142857143,38.89,5813302,136.52,42.3,46682.515
"DK",2021 W52,78.0942857142857,37.8328571428571,5813302,136.52,42.3,46682.515
"DK",2022 W01,79.17,35.19,5813302,136.52,42.3,46682.515
"DK",2022 W02,80.2314285714286,38.3614285714286,5813302,136.52,42.3,46682.515
"DK",2022 W03,80.7714285714286,38.89,5813302,136.52,42.3,46682.515
"DK",2022 W04,81.0985714285714,38.89,5813302,136.52,42.3,46682.515
"DK",2022 W05,81.29,19.8442857142857,5813302,136.52,42.3,46682.515
"DK",2022 W06,81.4014285714286,16.67,5813302,136.52,42.3,46682.515
"DK",2022 W07,81.4657142857143,16.67,5813302,136.52,42.3,46682.515
"DO",2021 W47,50.8514285714286,40.61,10953714,222.873,27.6,14600.861
"DO",2021 W48,51.2171428571429,37.96,10953714,222.873,27.6,14600.861
"DO",2021 W49,51.5133333333333,37.96,10953714,222.873,27.6,14600.861
"DO",2021 W50,51.7685714285714,37.96,10953714,222.873,27.6,14600.861
"DO",2021 W51,51.9225,37.96,10953714,222.873,27.6,14600.861
"DO",2021 W52,52.0157142857143,37.96,10953714,222.873,27.6,14600.861
"DO",2022 W01,52.1828571428571,37.96,10953714,222.873,27.6,14600.861
"DO",2022 W02,52.3628571428571,37.96,10953714,222.873,27.6,14600.861
"DO",2022 W03,52.56,37.96,10953714,222.873,27.6,14600.861
"DO",2022 W04,52.7557142857143,37.96,10953714,222.873,27.6,14600.861
"DO",2022 W05,53.0483333333333,37.96,10953714,222.873,27.6,14600.861
"DO",2022 W06,53.2485714285714,37.96,10953714,222.873,27.6,14600.861
"DO",2022 W07,53.3814285714286,16.7957142857143,10953714,222.873,27.6,14600.861
"EC",2021 W47,62.5914285714286,57.87,17888474,66.939,28.1,10581.936
"EC",2021 W48,64.5057142857143,57.87,17888474,66.939,28.1,10581.936
"EC",2021 W49,66.0657142857143,57.87,17888474,66.939,28.1,10581.936
"EC",2021 W50,68.1914285714286,57.87,17888474,66.939,28.1,10581.936
"EC",2021 W51,69.7714285714286,61.0471428571429,17888474,66.939,28.1,10581.936
"EC",2021 W52,70.7657142857143,63.43,17888474,66.939,28.1,10581.936
"EC",2022 W01,71.59,63.43,17888474,66.939,28.1,10581.936
"EC",2022 W02,72.7485714285714,63.43,17888474,66.939,28.1,10581.936
"EC",2022 W03,73.63,61.0471428571429,17888474,66.939,28.1,10581.936
"EC",2022 W04,74.1628571428571,60.65,17888474,66.939,28.1,10581.936
"EC",2022 W05,74.57,60.65,17888474,66.939,28.1,10581.936
"EC",2022 W06,74.98,57.0757142857143,17888474,66.939,28.1,10581.936
"EC",2022 W07,75.3071428571428,53.3085714285714,17888474,66.939,28.1,10581.936
"EG",2021 W47,14.65,43.52,104258327,97.999,25.3,10550.206
"EG",2021 W48,15.345,43.52,104258327,97.999,25.3,10550.206
"EG",2021 W49,16.495,43.52,104258327,97.999,25.3,10550.206
"EG",2021 W50,17.885,43.52,104258327,97.999,25.3,10550.206
"EG",2021 W51,19.28,43.52,104258327,97.999,25.3,10550.206
"EG",2021 W52,20.765,43.52,104258327,97.999,25.3,10550.206
"EG",2022 W01,22.25,43.52,104258327,97.999,25.3,10550.206
"EG",2022 W02,23.83,43.52,104258327,97.999,25.3,10550.206
"EG",2022 W03,24.69,43.52,104258327,97.999,25.3,10550.206
"EG",2022 W04,25.605,43.52,104258327,97.999,25.3,10550.206
"EG",2022 W05,27.28,43.52,104258327,97.999,25.3,10550.206
"EG",2022 W06,27.6,43.52,104258327,97.999,25.3,10550.206
"EG",2022 W07,28.26,43.52,104258327,97.999,25.3,10550.206
"ES",2021 W47,80.382,41.2,46745211,93.105,45.5,34272.36
"ES",2021 W48,80.5075,43.98,46745211,93.105,45.5,34272.36
"ES",2021 W49,80.645,43.98,46745211,93.105,45.5,34272.36
"ES",2021 W50,80.794,43.98,46745211,93.105,45.5,34272.36
"ES",2021 W51,80.9175,49.14,46745211,93.105,45.5,34272.36
"ES",2021 W52,81.0825,52.4485714285714,46745211,93.105,45.5,34272.36
"ES",2022 W01,81.3975,43.52,46745211,93.105,45.5,34272.36
"ES",2022 W02,81.566,43.52,46745211,93.105,45.5,34272.36
"ES",2022 W03,81.75,43.52,46745211,93.105,45.5,34272.36
"ES",2022 W04,81.876,47.4842857142857,46745211,93.105,45.5,34272.36
"ES",2022 W05,81.956,49.07,46745211,93.105,45.5,34272.36
"ES",2022 W06,82.076,49.07,46745211,93.105,45.5,34272.36
"ES",2022 W07,82.692,49.07,46745211,93.105,45.5,34272.36
"EE",2021 W47,59.1571428571429,35.3185714285714,1325188,31.033,42.7,29481.252
"EE",2021 W48,59.6714285714286,42.59,1325188,31.033,42.7,29481.252
"EE",2021 W49,60.2757142857143,42.59,1325188,31.033,42.7,29481.252
"EE",2021 W50,60.8885714285714,34.26,1325188,31.033,42.7,29481.252
"EE",2021 W51,61.3757142857143,34.26,1325188,31.033,42.7,29481.252
"EE",2021 W52,61.7,34.26,1325188,31.033,42.7,29481.252
"EE",2022 W01,61.9942857142857,42.59,1325188,31.033,42.7,29481.252
"EE",2022 W02,62.3042857142857,42.7228571428571,1325188,31.033,42.7,29481.252
"EE",2022 W03,62.55,43.52,1325188,31.033,42.7,29481.252
"EE",2022 W04,62.7514285714286,43.52,1325188,31.033,42.7,29481.252
"EE",2022 W05,62.9114285714286,50,1325188,31.033,42.7,29481.252
"EE",2022 W06,63.0457142857143,48.9428571428571,1325188,31.033,42.7,29481.252
"EE",2022 W07,63.17,46.3,1325188,31.033,42.7,29481.252
"FJ",2021 W47,64.21,90.74,902899,49.562,28.6,8702.975
"FJ",2021 W48,64.88,92.7257142857143,902899,49.562,28.6,8702.975
"FJ",2021 W49,65.28,93.52,902899,49.562,28.6,8702.975
"FJ",2021 W50,66.24,93.52,902899,49.562,28.6,8702.975
"FJ",2021 W51,67.07,91.1371428571428,902899,49.562,28.6,8702.975
"FJ",2021 W52,67.315,90.74,902899,49.562,28.6,8702.975
"FJ",2022 W01,67.56,90.74,902899,49.562,28.6,8702.975
"FJ",2022 W02,67.73,85.19,902899,49.562,28.6,8702.975
"FJ",2022 W03,67.81,85.19,902899,49.562,28.6,8702.975
"FJ",2022 W04,67.89,81.48,902899,49.562,28.6,8702.975
"FJ",2022 W05,68.02,81.48,902899,49.562,28.6,8702.975
"FJ",2022 W06,68.14,68.52,902899,49.562,28.6,8702.975
"FJ",2022 W07,68.33,61.11,902899,49.562,28.6,8702.975
"FR",2021 W47,69.5957142857143,66.67,67422000,122.578,42,38605.671
"FR",2021 W48,70.1871428571429,68.2557142857143,67422000,122.578,42,38605.671
"FR",2021 W49,70.9514285714286,72.22,67422000,122.578,42,38605.671
"FR",2021 W50,71.9028571428571,72.22,67422000,122.578,42,38605.671
"FR",2021 W51,72.7628571428571,72.22,67422000,122.578,42,38605.671
"FR",2021 W52,73.3442857142857,72.22,67422000,122.578,42,38605.671
"FR",2022 W01,74.0814285714286,71.8228571428571,67422000,122.578,42,38605.671
"FR",2022 W02,74.9642857142857,69.44,67422000,122.578,42,38605.671
"FR",2022 W03,75.6257142857143,69.44,67422000,122.578,42,38605.671
"FR",2022 W04,76.1285714285714,69.44,67422000,122.578,42,38605.671
"FR",2022 W05,76.5942857142857,69.44,67422000,122.578,42,38605.671
"FR",2022 W06,77.0185714285714,69.44,67422000,122.578,42,38605.671
"FR",2022 W07,77.3357142857143,65.4757142857143,67422000,122.578,42,38605.671
"GB",2021 W47,67.8228571428571,46.76,68207114,272.898,40.8,39753.244
"GB",2021 W48,68.12,46.76,68207114,272.898,40.8,39753.244
"GB",2021 W49,68.4342857142857,46.76,68207114,272.898,40.8,39753.244
"GB",2021 W50,68.8,48.0814285714286,68207114,272.898,40.8,39753.244
"GB",2021 W51,69.23,48.61,68207114,272.898,40.8,39753.244
"GB",2021 W52,69.4771428571429,48.61,68207114,272.898,40.8,39753.244
"GB",2022 W01,69.7928571428571,48.61,68207114,272.898,40.8,39753.244
"GB",2022 W02,70.1471428571429,48.61,68207114,272.898,40.8,39753.244
"GB",2022 W03,70.5028571428571,47.5528571428571,68207114,272.898,40.8,39753.244
"GB",2022 W04,70.84,44.1142857142857,68207114,272.898,40.8,39753.244
"GB",2022 W05,71.1385714285714,42.13,68207114,272.898,40.8,39753.244
"GB",2022 W06,71.39,40.9385714285714,68207114,272.898,40.8,39753.244
"GB",2022 W07,71.5985714285714,31.0185714285714,68207114,272.898,40.8,39753.244
"GE",2021 W47,24.825,43.9171428571429,3979773,65.032,38.7,9745.079
"GE",2021 W48,25.545,50,3979773,65.032,38.7,9745.079
"GE",2021 W49,26.014,50,3979773,65.032,38.7,9745.079
"GE",2021 W50,26.8414285714286,50,3979773,65.032,38.7,9745.079
"GE",2021 W51,27.764,46.8285714285714,3979773,65.032,38.7,9745.079
"GE",2021 W52,28.755,46.3,3979773,65.032,38.7,9745.079
"GE",2022 W01,29.164,44.44,3979773,65.032,38.7,9745.079
"GE",2022 W02,29.7633333333333,44.44,3979773,65.032,38.7,9745.079
"GE",2022 W03,30.1966666666667,44.44,3979773,65.032,38.7,9745.079
"GE",2022 W04,30.5116666666667,44.44,3979773,65.032,38.7,9745.079
"GE",2022 W05,30.7683333333333,49.2057142857143,3979773,65.032,38.7,9745.079
"GE",2022 W06,30.9366666666667,50,3979773,65.032,38.7,9745.079
"GE",2022 W07,31.1266666666667,50,3979773,65.032,38.7,9745.079
"GN",2021 W47,5.906,58.4657142857143,13497237,51.755,19,1998.926
"GN",2021 W48,6.03,59.26,13497237,51.755,19,1998.926
"GN",2021 W49,6.055,59.26,13497237,51.755,19,1998.926
"GN",2021 W50,6.2225,59.26,13497237,51.755,19,1998.926
"GN",2021 W51,6.39,60.19,13497237,51.755,19,1998.926
"GN",2021 W52,7.54333333333333,61.7757142857143,13497237,51.755,19,1998.926
"GN",2022 W01,9.4675,65.74,13497237,51.755,19,1998.926
"GN",2022 W02,9.58666666666667,65.74,13497237,51.755,19,1998.926
"GN",2022 W03,13.8075,65.74,13497237,51.755,19,1998.926
"GN",2022 W04,13.84,63.3614285714286,13497237,51.755,19,1998.926
"GN",2022 W05,13.8866666666667,60.19,13497237,51.755,19,1998.926
"GN",2022 W06,13.9,55.4242857142857,13497237,51.755,19,1998.926
"GN",2022 W07,13.8933333333333,54.63,13497237,51.755,19,1998.926
"GR",2021 W47,63.2585714285714,80.09,10370747,83.479,45.3,24574.382
"GR",2021 W48,64.0228571428571,80.09,10370747,83.479,45.3,24574.382
"GR",2021 W49,64.95,80.09,10370747,83.479,45.3,24574.382
"GR",2021 W50,65.9157142857143,80.09,10370747,83.479,45.3,24574.382
"GR",2021 W51,66.8014285714286,80.09,10370747,83.479,45.3,24574.382
"GR",2021 W52,67.7271428571429,78.11,10370747,83.479,45.3,24574.382
"GR",2022 W01,68.4628571428571,77.78,10370747,83.479,45.3,24574.382
"GR",2022 W02,69.2385714285714,77.78,10370747,83.479,45.3,24574.382
"GR",2022 W03,69.87,77.78,10370747,83.479,45.3,24574.382
"GR",2022 W04,70.3914285714286,77.78,10370747,83.479,45.3,24574.382
"GR",2022 W05,71.0085714285714,77.78,10370747,83.479,45.3,24574.382
"GR",2022 W06,71.5985714285714,72.22,10370747,83.479,45.3,24574.382
"GR",2022 W07,72.0685714285714,72.22,10370747,83.479,45.3,24574.382
"GT",2021 W47,21.63,46.76,18249868,157.834,22.9,7423.808
"GT",2021 W48,22.6114285714286,52.31,18249868,157.834,22.9,7423.808
"GT",2021 W49,23.4885714285714,58.6614285714286,18249868,157.834,22.9,7423.808
"GT",2021 W50,24.3,59.72,18249868,157.834,22.9,7423.808
"GT",2021 W51,25.0457142857143,59.72,18249868,157.834,22.9,7423.808
"GT",2021 W52,25.5914285714286,59.72,18249868,157.834,22.9,7423.808
"GT",2022 W01,26.1928571428571,59.72,18249868,157.834,22.9,7423.808
"GT",2022 W02,27.0785714285714,46.2285714285714,18249868,157.834,22.9,7423.808
"GT",2022 W03,27.9628571428571,43.98,18249868,157.834,22.9,7423.808
"GT",2022 W04,28.6471428571429,43.98,18249868,157.834,22.9,7423.808
"GT",2022 W05,29.2385714285714,50.5942857142857,18249868,157.834,22.9,7423.808
"GT",2022 W06,29.7928571428571,53.24,18249868,157.834,22.9,7423.808
"GT",2022 W07,30.14,53.24,18249868,157.834,22.9,7423.808
"GY",2021 W47,34.565,60.19,790329,3.952,26.3,7435.047
"GY",2021 W48,35.2775,56.2185714285714,790329,3.952,26.3,7435.047
"GY",2021 W49,35.81,54.63,790329,3.952,26.3,7435.047
"GY",2021 W50,36.45,51.85,790329,3.952,26.3,7435.047
"GY",2021 W51,36.8725,51.85,790329,3.952,26.3,7435.047
"GY",2021 W52,37.295,51.85,790329,3.952,26.3,7435.047
"GY",2022 W01,37.8425,59.2585714285714,790329,3.952,26.3,7435.047
"GY",2022 W02,38.39,77.78,790329,3.952,26.3,7435.047
"GY",2022 W03,38.82,77.78,790329,3.952,26.3,7435.047
"GY",2022 W04,39.45,77.78,790329,3.952,26.3,7435.047
"GY",2022 W05,39.72,77.78,790329,3.952,26.3,7435.047
"GY",2022 W06,40.48,77.78,790329,3.952,26.3,7435.047
"GY",2022 W07,40.91,77.78,790329,3.952,26.3,7435.047
"HK",2021 W47,59.7785714285714,52.78,7552800,7039.714,44.8,56054.92
"HK",2021 W48,60.1257142857143,55.1628571428571,7552800,7039.714,44.8,56054.92
"HK",2021 W49,60.4671428571429,55.56,7552800,7039.714,44.8,56054.92
"HK",2021 W50,60.8342857142857,55.56,7552800,7039.714,44.8,56054.92
"HK",2021 W51,61.2357142857143,55.56,7552800,7039.714,44.8,56054.92
"HK",2021 W52,61.6528571428571,55.56,7552800,7039.714,44.8,56054.92
"HK",2022 W01,62.0514285714286,58.3371428571429,7552800,7039.714,44.8,56054.92
"HK",2022 W02,62.4085714285714,65.2114285714286,7552800,7039.714,44.8,56054.92
"HK",2022 W03,62.73,65.74,7552800,7039.714,44.8,56054.92
"HK",2022 W04,63.3057142857143,65.74,7552800,7039.714,44.8,56054.92
"HK",2022 W05,63.8985714285714,65.74,7552800,7039.714,44.8,56054.92
"HK",2022 W06,65.39,65.74,7552800,7039.714,44.8,56054.92
"HK",2022 W07,66.9928571428571,65.74,7552800,7039.714,44.8,56054.92
"HU",2021 W47,60.388,29.2328571428571,9634162,108.043,43.4,26777.561
"HU",2021 W48,60.76,35.19,9634162,108.043,43.4,26777.561
"HU",2021 W49,61.032,37.57,9634162,108.043,43.4,26777.561
"HU",2021 W50,61.41,42.7257142857143,9634162,108.043,43.4,26777.561
"HU",2021 W51,61.7733333333333,40.74,9634162,108.043,43.4,26777.561
"HU",2021 W52,62.038,43.9142857142857,9634162,108.043,43.4,26777.561
"HU",2022 W01,62.292,51.85,9634162,108.043,43.4,26777.561
"HU",2022 W02,62.752,51.85,9634162,108.043,43.4,26777.561
"HU",2022 W03,63.008,51.85,9634162,108.043,43.4,26777.561
"HU",2022 W04,63.198,51.85,9634162,108.043,43.4,26777.561
"HU",2022 W05,63.418,51.85,9634162,108.043,43.4,26777.561
"HU",2022 W06,63.595,51.85,9634162,108.043,43.4,26777.561
"HU",2022 W07,63.81,51.85,9634162,108.043,43.4,26777.561
"ID",2021 W47,33.3042857142857,60.65,276361788,145.725,29.3,11188.744
"ID",2021 W48,35.1385714285714,60.65,276361788,145.725,29.3,11188.744
"ID",2021 W49,36.5871428571429,63.0328571428571,276361788,145.725,29.3,11188.744
"ID",2021 W50,38.0571428571429,63.43,276361788,145.725,29.3,11188.744
"ID",2021 W51,39.4742857142857,64.6171428571429,276361788,145.725,29.3,11188.744
"ID",2021 W52,40.81,66.2,276361788,145.725,29.3,11188.744
"ID",2022 W01,41.8014285714286,66.2,276361788,145.725,29.3,11188.744
"ID",2022 W02,42.8471428571429,65.0128571428571,276361788,145.725,29.3,11188.744
"ID",2022 W03,44.2285714285714,63.43,276361788,145.725,29.3,11188.744
"ID",2022 W04,45.7171428571429,63.43,276361788,145.725,29.3,11188.744
"ID",2022 W05,46.8728571428571,63.43,276361788,145.725,29.3,11188.744
"ID",2022 W06,48.33,63.43,276361788,145.725,29.3,11188.744
"ID",2022 W07,50.02,63.43,276361788,145.725,29.3,11188.744
"IN",2021 W47,30.3342857142857,45.83,1393409033,450.419,28.2,6426.674
"IN",2021 W48,33.0342857142857,49.8014285714286,1393409033,450.419,28.2,6426.674
"IN",2021 W49,35.7342857142857,51.39,1393409033,450.419,28.2,6426.674
"IN",2021 W50,38.3371428571429,50.1985714285714,1393409033,450.419,28.2,6426.674
"IN",2021 W51,40.5642857142857,50,1393409033,450.419,28.2,6426.674
"IN",2021 W52,42.79,55.2228571428571,1393409033,450.419,28.2,6426.674
"IN",2022 W01,44.5928571428571,72.69,1393409033,450.419,28.2,6426.674
"IN",2022 W02,46.3757142857143,72.69,1393409033,450.419,28.2,6426.674
"IN",2022 W03,48.1842857142857,80.6257142857143,1393409033,450.419,28.2,6426.674
"IN",2022 W04,49.89,83.8,1393409033,450.419,28.2,6426.674
"IN",2022 W05,51.7471428571429,82.2057142857143,1393409033,450.419,28.2,6426.674
"IN",2022 W06,53.31,76.3857142857143,1393409033,450.419,28.2,6426.674
"IN",2022 W07,54.8942857142857,72.2885714285714,1393409033,450.419,28.2,6426.674
"IE",2021 W47,76.6357142857143,44.44,4982904,69.874,38.7,67335.293
"IE",2021 W48,76.8485714285714,44.44,4982904,69.874,38.7,67335.293
"IE",2021 W49,77.0357142857143,49.2057142857143,4982904,69.874,38.7,67335.293
"IE",2021 W50,77.2157142857143,50,4982904,69.874,38.7,67335.293
"IE",2021 W51,77.3771428571429,52.78,4982904,69.874,38.7,67335.293
"IE",2021 W52,77.4785714285714,52.78,4982904,69.874,38.7,67335.293
"IE",2022 W01,77.5985714285714,52.78,4982904,69.874,38.7,67335.293
"IE",2022 W02,77.7185714285714,52.78,4982904,69.874,38.7,67335.293
"IE",2022 W03,77.8214285714286,44.3142857142857,4982904,69.874,38.7,67335.293
"IE",2022 W04,78.0028571428571,23.15,4982904,69.874,38.7,67335.293
"IE",2022 W05,78.5028571428571,23.15,4982904,69.874,38.7,67335.293
"IE",2022 W06,79.0271428571429,23.15,4982904,69.874,38.7,67335.293
"IE",2022 W07,79.4085714285714,23.15,4982904,69.874,38.7,67335.293
"IR",2021 W47,54.6,60.3857142857143,85028760,49.831,32.4,19082.62
"IR",2021 W48,56.63,61.3085714285714,85028760,49.831,32.4,19082.62
"IR",2021 W49,57.8,64.22,85028760,49.831,32.4,19082.62
"IR",2021 W50,59.2,60.3814285714286,85028760,49.831,32.4,19082.62
"IR",2021 W51,60.21,54.63,85028760,49.831,32.4,19082.62
"IR",2021 W52,60.82,54.63,85028760,49.831,32.4,19082.62
"IR",2022 W01,61.43,47.22,85028760,49.831,32.4,19082.62
"IR",2022 W02,62.385,49.3371428571429,85028760,49.831,32.4,19082.62
"IR",2022 W03,62.7866666666667,62.04,85028760,49.831,32.4,19082.62
"IR",2022 W04,63.36,62.04,85028760,49.831,32.4,19082.62
"IR",2022 W05,63.8928571428571,62.04,85028760,49.831,32.4,19082.62
"IR",2022 W06,64.3285714285714,62.04,85028760,49.831,32.4,19082.62
"IR",2022 W07,64.635,62.04,85028760,49.831,32.4,19082.62
"IQ",2021 W47,11.04,68.52,41179351,88.125,20,15663.986
"IQ",2021 W48,11.635,68.52,41179351,88.125,20,15663.986
"IQ",2021 W49,12.37,68.52,41179351,88.125,20,15663.986
"IQ",2021 W50,12.925,68.52,41179351,88.125,20,15663.986
"IQ",2021 W51,13.41,68.52,41179351,88.125,20,15663.986
"IQ",2021 W52,13.69,68.52,41179351,88.125,20,15663.986
"IQ",2022 W01,14.185,68.52,41179351,88.125,20,15663.986
"IQ",2022 W02,14.6066666666667,68.52,41179351,88.125,20,15663.986
"IQ",2022 W03,14.995,68.52,41179351,88.125,20,15663.986
"IQ",2022 W04,15.275,65.34,41179351,88.125,20,15663.986
"IQ",2022 W05,15.46,64.81,41179351,88.125,20,15663.986
"IQ",2022 W06,15.96,64.81,41179351,88.125,20,15663.986
"IQ",2022 W07,16.21,64.81,41179351,88.125,20,15663.986
"IS",2021 W47,76.085,38.0957142857143,368792,3.404,37.3,46482.958
"IS",2021 W48,76.275,38.89,368792,3.404,37.3,46482.958
"IS",2021 W49,76.47,38.0928571428571,368792,3.404,37.3,46482.958
"IS",2021 W50,76.695,37.96,368792,3.404,37.3,46482.958
"IS",2021 W51,76.87,37.96,368792,3.404,37.3,46482.958
"IS",2021 W52,76.965,37.96,368792,3.404,37.3,46482.958
"IS",2022 W01,77.07,37.96,368792,3.404,37.3,46482.958
"IS",2022 W02,77.27,40.3428571428571,368792,3.404,37.3,46482.958
"IS",2022 W03,77.43,40.74,368792,3.404,37.3,46482.958
"IS",2022 W04,77.58,37.96,368792,3.404,37.3,46482.958
"IS",2022 W05,77.7075,35.5857142857143,368792,3.404,37.3,46482.958
"IS",2022 W06,77.835,35.19,368792,3.404,37.3,46482.958
"IS",2022 W07,78.13,35.19,368792,3.404,37.3,46482.958
"IL",2021 W47,62.3214285714286,53.7,9291000,402.606,30.6,33132.32
"IL",2021 W48,62.3985714285714,56.48,9291000,402.606,30.6,33132.32
"IL",2021 W49,62.4771428571429,56.48,9291000,402.606,30.6,33132.32
"IL",2021 W50,62.7357142857143,56.48,9291000,402.606,30.6,33132.32
"IL",2021 W51,63.2828571428571,56.48,9291000,402.606,30.6,33132.32
"IL",2021 W52,63.7771428571429,56.48,9291000,402.606,30.6,33132.32
"IL",2022 W01,64.1814285714286,56.48,9291000,402.606,30.6,33132.32
"IL",2022 W02,64.6942857142857,56.48,9291000,402.606,30.6,33132.32
"IL",2022 W03,65.1771428571429,56.48,9291000,402.606,30.6,33132.32
"IL",2022 W04,65.4871428571429,56.48,9291000,402.606,30.6,33132.32
"IL",2022 W05,65.6928571428572,56.48,9291000,402.606,30.6,33132.32
"IL",2022 W06,65.7971428571429,48.15,9291000,402.606,30.6,33132.32
"IL",2022 W07,65.8457142857143,48.15,9291000,402.606,30.6,33132.32
"IT",2021 W47,72.8914285714286,71.3,60367471,205.859,47.9,35220.084
"IT",2021 W48,73.1142857142857,71.3,60367471,205.859,47.9,35220.084
"IT",2021 W49,73.3385714285714,76.85,60367471,205.859,47.9,35220.084
"IT",2021 W50,73.5785714285714,76.85,60367471,205.859,47.9,35220.084
"IT",2021 W51,73.8271428571429,76.85,60367471,205.859,47.9,35220.084
"IT",2021 W52,74.0857142857143,76.85,60367471,205.859,47.9,35220.084
"IT",2022 W01,74.43,76.85,60367471,205.859,47.9,35220.084
"IT",2022 W02,74.9714285714286,76.85,60367471,205.859,47.9,35220.084
"IT",2022 W03,75.4785714285714,76.85,60367471,205.859,47.9,35220.084
"IT",2022 W04,76.0271428571428,76.85,60367471,205.859,47.9,35220.084
"IT",2022 W05,76.7085714285714,76.85,60367471,205.859,47.9,35220.084
"IT",2022 W06,77.4371428571429,76.85,60367471,205.859,47.9,35220.084
"IT",2022 W07,78.0157142857143,76.85,60367471,205.859,47.9,35220.084
"JM",2021 W47,16.852,76.3257142857143,2973462,266.879,31.4,8193.571
"JM",2021 W48,17.3171428571429,83.4657142857143,2973462,266.879,31.4,8193.571
"JM",2021 W49,17.8566666666667,77.12,2973462,266.879,31.4,8193.571
"JM",2021 W50,18.4133333333333,75.93,2973462,266.879,31.4,8193.571
"JM",2021 W51,18.7816666666667,77.2514285714286,2973462,266.879,31.4,8193.571
"JM",2021 W52,18.99,77.78,2973462,266.879,31.4,8193.571
"JM",2022 W01,19.3625,74.07,2973462,266.879,31.4,8193.571
"JM",2022 W02,19.835,74.07,2973462,266.879,31.4,8193.571
"JM",2022 W03,20.2783333333333,74.07,2973462,266.879,31.4,8193.571
"JM",2022 W04,20.7275,74.07,2973462,266.879,31.4,8193.571
"JM",2022 W05,21.0157142857143,74.07,2973462,266.879,31.4,8193.571
"JM",2022 W06,21.3333333333333,74.07,2973462,266.879,31.4,8193.571
"JM",2022 W07,21.5583333333333,74.07,2973462,266.879,31.4,8193.571
"JO",2021 W47,36.1116666666667,33.4657142857143,10269022,109.285,23.2,8337.49
"JO",2021 W48,36.6,34.26,10269022,109.285,23.2,8337.49
"JO",2021 W49,37.0442857142857,34.26,10269022,109.285,23.2,8337.49
"JO",2021 W50,37.4733333333333,34.26,10269022,109.285,23.2,8337.49
"JO",2021 W51,37.882,34.26,10269022,109.285,23.2,8337.49
"JO",2021 W52,38.255,34.26,10269022,109.285,23.2,8337.49
"JO",2022 W01,38.809,34.26,10269022,109.285,23.2,8337.49
"JO",2022 W02,39.7683333333333,34.26,10269022,109.285,23.2,8337.49
"JO",2022 W03,40.29,34.26,10269022,109.285,23.2,8337.49
"JO",2022 W04,40.76,34.26,10269022,109.285,23.2,8337.49
"JO",2022 W05,41.49,34.26,10269022,109.285,23.2,8337.49
"JO",2022 W06,41.81,34.26,10269022,109.285,23.2,8337.49
"JO",2022 W07,42.04,34.26,10269022,109.285,23.2,8337.49
"JP",2021 W47,76.8825,47.22,126050796,347.778,48.2,39002.223
"JP",2021 W48,77.3575,47.22,126050796,347.778,48.2,39002.223
"JP",2021 W49,77.68,47.22,126050796,347.778,48.2,39002.223
"JP",2021 W50,77.88,47.22,126050796,347.778,48.2,39002.223
"JP",2021 W51,78.08,47.22,126050796,347.778,48.2,39002.223
"JP",2021 W52,78.23,47.22,126050796,347.778,48.2,39002.223
"JP",2022 W01,78.574,47.22,126050796,347.778,48.2,39002.223
"JP",2022 W02,78.918,47.22,126050796,347.778,48.2,39002.223
"JP",2022 W03,79.026,47.22,126050796,347.778,48.2,39002.223
"JP",2022 W04,79.096,47.22,126050796,347.778,48.2,39002.223
"JP",2022 W05,79.204,47.22,126050796,347.778,48.2,39002.223
"JP",2022 W06,79.2925,47.22,126050796,347.778,48.2,39002.223
"JP",2022 W07,79.374,47.22,126050796,347.778,48.2,39002.223
"KE",2021 W47,4.724,32.41,54985702,87.324,20,2993.028
"KE",2021 W48,5.176,32.41,54985702,87.324,20,2993.028
"KE",2021 W49,5.74142857142857,32.41,54985702,87.324,20,2993.028
"KE",2021 W50,6.31666666666667,32.41,54985702,87.324,20,2993.028
"KE",2021 W51,7.08,32.41,54985702,87.324,20,2993.028
"KE",2021 W52,7.475,32.41,54985702,87.324,20,2993.028
"KE",2022 W01,8.00142857142857,32.41,54985702,87.324,20,2993.028
"KE",2022 W02,8.34666666666667,32.41,54985702,87.324,20,2993.028
"KE",2022 W03,9.068,32.41,54985702,87.324,20,2993.028
"KE",2022 W04,9.55142857142857,32.41,54985702,87.324,20,2993.028
"KE",2022 W05,10.7242857142857,32.41,54985702,87.324,20,2993.028
"KE",2022 W06,12.1085714285714,32.41,54985702,87.324,20,2993.028
"KE",2022 W07,13.325,32.41,54985702,87.324,20,2993.028
"KH",2021 W47,78.2971428571429,57.87,16946446,90.672,25.6,3645.07
"KH",2021 W48,79.0971428571429,58.6,16946446,90.672,25.6,3645.07
"KH",2021 W49,79.82,46.3,16946446,90.672,25.6,3645.07
"KH",2021 W50,80.1316666666667,46.3,16946446,90.672,25.6,3645.07
"KH",2021 W51,80.3428571428571,46.3,16946446,90.672,25.6,3645.07
"KH",2021 W52,80.5642857142857,46.3,16946446,90.672,25.6,3645.07
"KH",2022 W01,80.7157142857143,41.7357142857143,16946446,90.672,25.6,3645.07
"KH",2022 W02,80.8583333333333,35.65,16946446,90.672,25.6,3645.07
"KH",2022 W03,81.0014285714286,35.65,16946446,90.672,25.6,3645.07
"KH",2022 W04,81.1442857142857,35.65,16946446,90.672,25.6,3645.07
"KH",2022 W05,81.245,35.65,16946446,90.672,25.6,3645.07
"KH",2022 W06,81.375,19.3814285714286,16946446,90.672,25.6,3645.07
"KH",2022 W07,81.504,16.67,16946446,90.672,25.6,3645.07
"KR",2021 W47,79.7071428571429,37.8971428571429,51305184,527.967,43.4,35938.374
"KR",2021 W48,80.5342857142857,40.28,51305184,527.967,43.4,35938.374
"KR",2021 W49,81.2371428571429,41.67,51305184,527.967,43.4,35938.374
"KR",2021 W50,81.8971428571429,42.1985714285714,51305184,527.967,43.4,35938.374
"KR",2021 W51,82.4457142857143,45.37,51305184,527.967,43.4,35938.374
"KR",2021 W52,82.9357142857143,45.37,51305184,527.967,43.4,35938.374
"KR",2022 W01,83.6685714285714,45.37,51305184,527.967,43.4,35938.374
"KR",2022 W02,84.6528571428571,45.37,51305184,527.967,43.4,35938.374
"KR",2022 W03,85.3214285714286,50.93,51305184,527.967,43.4,35938.374
"KR",2022 W04,85.7257142857143,50.93,51305184,527.967,43.4,35938.374
"KR",2022 W05,85.9485714285714,49.7385714285714,51305184,527.967,43.4,35938.374
"KR",2022 W06,86.1842857142857,46.3,51305184,527.967,43.4,35938.374
"KR",2022 W07,86.3328571428571,46.3,51305184,527.967,43.4,35938.374
"KW",2021 W47,73.295,40.74,4328553,232.128,33.7,65530.537
"KW",2021 W48,73.13,30.56,4328553,232.128,33.7,65530.537
"KW",2021 W49,73.46,30.56,4328553,232.128,33.7,65530.537
"KW",2021 W50,73.71,30.56,4328553,232.128,33.7,65530.537
"KW",2021 W51,74.08,30.56,4328553,232.128,33.7,65530.537
"KW",2021 W52,74.31,30.03,4328553,232.128,33.7,65530.537
"KW",2022 W01,74.54,26.85,4328553,232.128,33.7,65530.537
"KW",2022 W02,74.67,26.85,4328553,232.128,33.7,65530.537
"KW",2022 W03,74.8833333333333,42.7214285714286,4328553,232.128,33.7,65530.537
"KW",2022 W04,75.11,49.07,4328553,232.128,33.7,65530.537
"KW",2022 W05,75.25,49.07,4328553,232.128,33.7,65530.537
"KW",2022 W06,75.38,43.52,4328553,232.128,33.7,65530.537
"KW",2022 W07,75.59,43.52,4328553,232.128,33.7,65530.537
"LB",2021 W47,24.5442857142857,31.48,6769151,594.561,31.1,13367.565
"LB",2021 W48,25.0716666666667,31.48,6769151,594.561,31.1,13367.565
"LB",2021 W49,25.5985714285714,31.48,6769151,594.561,31.1,13367.565
"LB",2021 W50,26.0416666666667,33.07,6769151,594.561,31.1,13367.565
"LB",2021 W51,26.5,42.59,6769151,594.561,31.1,13367.565
"LB",2021 W52,26.9714285714286,42.59,6769151,594.561,31.1,13367.565
"LB",2022 W01,27.3842857142857,42.59,6769151,594.561,31.1,13367.565
"LB",2022 W02,28.1385714285714,35.19,6769151,594.561,31.1,13367.565
"LB",2022 W03,28.8157142857143,35.19,6769151,594.561,31.1,13367.565
"LB",2022 W04,29.4671428571429,35.19,6769151,594.561,31.1,13367.565
"LB",2022 W05,30.0714285714286,35.19,6769151,594.561,31.1,13367.565
"LB",2022 W06,30.6028571428571,35.19,6769151,594.561,31.1,13367.565
"LB",2022 W07,31.2,35.19,6769151,594.561,31.1,13367.565
"LY",2021 W47,9.215,42.59,6958538,3.623,29,17881.509
"LY",2021 W48,9.825,42.59,6958538,3.623,29,17881.509
"LY",2021 W49,10.615,42.59,6958538,3.623,29,17881.509
"LY",2021 W50,11.09,42.59,6958538,3.623,29,17881.509
"LY",2021 W51,11.39,42.59,6958538,3.623,29,17881.509
"LY",2021 W52,11.805,44.7071428571429,6958538,3.623,29,17881.509
"LY",2022 W01,12.44,50,6958538,3.623,29,17881.509
"LY",2022 W02,13.3166666666667,50,6958538,3.623,29,17881.509
"LY",2022 W03,13.71,50,6958538,3.623,29,17881.509
"LY",2022 W04,14.165,50.5285714285714,6958538,3.623,29,17881.509
"LY",2022 W05,14.605,51.85,6958538,3.623,29,17881.509
"LY",2022 W06,15.08,51.3214285714286,6958538,3.623,29,17881.509
"LY",2022 W07,15.395,50,6958538,3.623,29,17881.509
"LK",2021 W47,63.8333333333333,56.7471428571429,21497306,341.955,34.1,11669.077
"LK",2021 W48,63.97,55.9557142857143,21497306,341.955,34.1,11669.077
"LK",2021 W49,64.0783333333333,55.56,21497306,341.955,34.1,11669.077
"LK",2021 W50,64.1957142857143,55.56,21497306,341.955,34.1,11669.077
"LK",2021 W51,64.29,53.1771428571429,21497306,341.955,34.1,11669.077
"LK",2021 W52,64.3757142857143,52.78,21497306,341.955,34.1,11669.077
"LK",2022 W01,64.44,52.78,21497306,341.955,34.1,11669.077
"LK",2022 W02,64.502,52.78,21497306,341.955,34.1,11669.077
"LK",2022 W03,64.5571428571428,52.78,21497306,341.955,34.1,11669.077
"LK",2022 W04,64.6428571428571,52.78,21497306,341.955,34.1,11669.077
"LK",2022 W05,64.9483333333333,52.78,21497306,341.955,34.1,11669.077
"LK",2022 W06,65.2628571428571,52.78,21497306,341.955,34.1,11669.077
"LK",2022 W07,65.3985714285714,52.78,21497306,341.955,34.1,11669.077
"LT",2021 W47,65.9071428571429,46.3,2689862,45.135,43.5,29524.265
"LT",2021 W48,66.4557142857143,46.3,2689862,45.135,43.5,29524.265
"LT",2021 W49,66.9585714285714,46.3,2689862,45.135,43.5,29524.265
"LT",2021 W50,67.39,46.8285714285714,2689862,45.135,43.5,29524.265
"LT",2021 W51,67.76,50,2689862,45.135,43.5,29524.265
"LT",2021 W52,68.0471428571429,51.0571428571429,2689862,45.135,43.5,29524.265
"LT",2022 W01,68.3585714285714,53.7,2689862,45.135,43.5,29524.265
"LT",2022 W02,68.6857142857143,53.7,2689862,45.135,43.5,29524.265
"LT",2022 W03,68.9071428571429,53.7,2689862,45.135,43.5,29524.265
"LT",2022 W04,69.1028571428571,53.7,2689862,45.135,43.5,29524.265
"LT",2022 W05,69.2728571428571,53.7,2689862,45.135,43.5,29524.265
"LT",2022 W06,69.3757142857143,53.7,2689862,45.135,43.5,29524.265
"LT",2022 W07,69.4485714285714,50.93,2689862,45.135,43.5,29524.265
"LV",2021 W47,62.65,46.3,1866934,31.212,43.9,25063.846
"LV",2021 W48,64.3071428571429,43.9171428571429,1866934,31.212,43.9,25063.846
"LV",2021 W49,65.5328571428571,41.1371428571429,1866934,31.212,43.9,25063.846
"LV",2021 W50,66.4385714285714,40.74,1866934,31.212,43.9,25063.846
"LV",2021 W51,67.07,35.9828571428571,1866934,31.212,43.9,25063.846
"LV",2021 W52,67.5428571428571,35.19,1866934,31.212,43.9,25063.846
"LV",2022 W01,67.97,35.19,1866934,31.212,43.9,25063.846
"LV",2022 W02,68.3657142857143,35.19,1866934,31.212,43.9,25063.846
"LV",2022 W03,68.6542857142857,35.19,1866934,31.212,43.9,25063.846
"LV",2022 W04,68.8785714285714,46.2985714285714,1866934,31.212,43.9,25063.846
"LV",2022 W05,69.0842857142857,48.15,1866934,31.212,43.9,25063.846
"LV",2022 W06,69.2728571428571,48.15,1866934,31.212,43.9,25063.846
"LV",2022 W07,69.4242857142857,48.15,1866934,31.212,43.9,25063.846
"MO",2021 W47,64.44,32.41,658391,20546.766,39.2,104861.851
"MO",2021 W48,66.784,32.41,658391,20546.766,39.2,104861.851
"MO",2021 W49,67.83,32.41,658391,20546.766,39.2,104861.851
"MO",2021 W50,68.832,32.41,658391,20546.766,39.2,104861.851
"MO",2021 W51,69.4925,32.41,658391,20546.766,39.2,104861.851
"MO",2021 W52,70.094,32.41,658391,20546.766,39.2,104861.851
"MO",2022 W01,70.5983333333333,32.41,658391,20546.766,39.2,104861.851
"MO",2022 W02,71.1885714285714,32.41,658391,20546.766,39.2,104861.851
"MO",2022 W03,71.6928571428572,32.41,658391,20546.766,39.2,104861.851
"MO",2022 W04,72.1533333333333,32.41,658391,20546.766,39.2,104861.851
"MO",2022 W05,72.4833333333333,32.41,658391,20546.766,39.2,104861.851
"MO",2022 W06,72.978,32.41,658391,20546.766,39.2,104861.851
"MO",2022 W07,73.6014285714286,32.41,658391,20546.766,39.2,104861.851
"MA",2021 W47,60.815,67.59,37344787,80.08,29.6,7485.013
"MA",2021 W48,61.01,70.37,37344787,80.08,29.6,7485.013
"MA",2021 W49,61.21,70.37,37344787,80.08,29.6,7485.013
"MA",2021 W50,61.355,70.37,37344787,80.08,29.6,7485.013
"MA",2021 W51,61.49,70.37,37344787,80.08,29.6,7485.013
"MA",2021 W52,61.62,70.37,37344787,80.08,29.6,7485.013
"MA",2022 W01,61.71,62.4328571428571,37344787,80.08,29.6,7485.013
"MA",2022 W02,61.8333333333333,61.11,37344787,80.08,29.6,7485.013
"MA",2022 W03,61.94,62.96,37344787,80.08,29.6,7485.013
"MA",2022 W04,62.0233333333333,62.96,37344787,80.08,29.6,7485.013
"MA",2022 W05,62.105,67.7257142857143,37344787,80.08,29.6,7485.013
"MA",2022 W06,62.22,65.74,37344787,80.08,29.6,7485.013
"MA",2022 W07,62.3,65.74,37344787,80.08,29.6,7485.013
"MD",2021 W47,22.9925,29.63,4024025,123.655,37.6,5189.972
"MD",2021 W48,23.368,32.41,4024025,123.655,37.6,5189.972
"MD",2021 W49,23.656,41.93,4024025,123.655,37.6,5189.972
"MD",2021 W50,23.9175,49.07,4024025,123.655,37.6,5189.972
"MD",2021 W51,24.1166666666667,33.8628571428571,4024025,123.655,37.6,5189.972
"MD",2021 W52,24.375,27.78,4024025,123.655,37.6,5189.972
"MD",2022 W01,24.5016666666667,27.78,4024025,123.655,37.6,5189.972
"MD",2022 W02,24.7316666666667,32.94,4024025,123.655,37.6,5189.972
"MD",2022 W03,24.9216666666667,33.8,4024025,123.655,37.6,5189.972
"MD",2022 W04,25.0771428571429,45.37,4024025,123.655,37.6,5189.972
"MD",2022 W05,25.196,49.0757142857143,4024025,123.655,37.6,5189.972
"MD",2022 W06,25.346,47.22,4024025,123.655,37.6,5189.972
"MD",2022 W07,25.526,43.2514285714286,4024025,123.655,37.6,5189.972
"MX",2021 W47,49.624,35.19,130262220,66.444,29.3,17336.469
"MX",2021 W48,50.006,31.48,130262220,66.444,29.3,17336.469
"MX",2021 W49,50.5375,26.7228571428571,130262220,66.444,29.3,17336.469
"MX",2021 W50,51.055,31.48,130262220,66.444,29.3,17336.469
"MX",2021 W51,55.81,31.48,130262220,66.444,29.3,17336.469
"MX",2021 W52,55.89,31.48,130262220,66.444,29.3,17336.469
"MX",2022 W01,56.2933333333333,31.48,130262220,66.444,29.3,17336.469
"MX",2022 W02,57.4666666666667,35.19,130262220,66.444,29.3,17336.469
"MX",2022 W03,58.476,35.19,130262220,66.444,29.3,17336.469
"MX",2022 W04,58.95,57.87,130262220,66.444,29.3,17336.469
"MX",2022 W05,59.3866666666667,57.87,130262220,66.444,29.3,17336.469
"MX",2022 W06,59.6842857142857,35.19,130262220,66.444,29.3,17336.469
"MX",2022 W07,60.2333333333333,35.19,130262220,66.444,29.3,17336.469
"MT",2021 W47,83.6671428571429,43.52,516100,1454.037,42.4,36513.323
"MT",2021 W48,83.8142857142857,43.52,516100,1454.037,42.4,36513.323
"MT",2021 W49,84.01,43.52,516100,1454.037,42.4,36513.323
"MT",2021 W50,84.1714285714286,43.52,516100,1454.037,42.4,36513.323
"MT",2021 W51,84.2957142857143,43.52,516100,1454.037,42.4,36513.323
"MT",2021 W52,84.4271428571429,43.52,516100,1454.037,42.4,36513.323
"MT",2022 W01,84.62,43.52,516100,1454.037,42.4,36513.323
"MT",2022 W02,85.0957142857143,43.52,516100,1454.037,42.4,36513.323
"MT",2022 W03,85.9028571428571,43.52,516100,1454.037,42.4,36513.323
"MT",2022 W04,86.8366666666667,51.4571428571429,516100,1454.037,42.4,36513.323
"MT",2022 W05,87.8957142857143,52.78,516100,1454.037,42.4,36513.323
"MT",2022 W06,88.6614285714286,52.78,516100,1454.037,42.4,36513.323
"MT",2022 W07,89.2428571428571,52.78,516100,1454.037,42.4,36513.323
"MM",2021 W47,21.19,69.5742857142857,54806014,81.721,29.1,5591.597
"MM",2021 W48,21.64,69.0485714285714,54806014,81.721,29.1,5591.597
"MM",2021 W49,23.77,68.52,54806014,81.721,29.1,5591.597
"MM",2021 W50,24.6066666666667,78.84,54806014,81.721,29.1,5591.597
"MM",2021 W51,27.4866666666667,80.56,54806014,81.721,29.1,5591.597
"MM",2021 W52,28.41,80.56,54806014,81.721,29.1,5591.597
"MM",2022 W01,30.28,80.56,54806014,81.721,29.1,5591.597
"MM",2022 W02,32.04,67.8571428571428,54806014,81.721,29.1,5591.597
"MM",2022 W03,33.31,65.74,54806014,81.721,29.1,5591.597
"MM",2022 W04,34.39,65.74,54806014,81.721,29.1,5591.597
"MM",2022 W05,35.06,65.74,54806014,81.721,29.1,5591.597
"MM",2022 W06,36.03,65.74,54806014,81.721,29.1,5591.597
"MM",2022 W07,37.62,68.52,54806014,81.721,29.1,5591.597
"MN",2021 W47,64.5466666666667,37.04,3329282,1.98,28.6,11840.846
"MN",2021 W48,64.65,37.04,3329282,1.98,28.6,11840.846
"MN",2021 W49,64.736,37.04,3329282,1.98,28.6,11840.846
"MN",2021 W50,64.8428571428571,37.4342857142857,3329282,1.98,28.6,11840.846
"MN",2021 W51,64.93,37.5,3329282,1.98,28.6,11840.846
"MN",2021 W52,64.984,39.8828571428571,3329282,1.98,28.6,11840.846
"MN",2022 W01,65.0383333333333,40.28,3329282,1.98,28.6,11840.846
"MN",2022 W02,65.09,37.8971428571429,3329282,1.98,28.6,11840.846
"MN",2022 W03,65.145,37.5,3329282,1.98,28.6,11840.846
"MN",2022 W04,65.18,37.5,3329282,1.98,28.6,11840.846
"MN",2022 W05,65.2,37.5,3329282,1.98,28.6,11840.846
"MN",2022 W06,65.2175,25.5942857142857,3329282,1.98,28.6,11840.846
"MN",2022 W07,65.236,5.75571428571429,3329282,1.98,28.6,11840.846
"MZ",2021 W47,10.72,48.15,32163045,37.728,17.7,1136.103
"MZ",2021 W48,12.1966666666667,48.15,32163045,37.728,17.7,1136.103
"MZ",2021 W49,13.36,38.6271428571429,32163045,37.728,17.7,1136.103
"MZ",2021 W50,14.625,37.04,32163045,37.728,17.7,1136.103
"MZ",2021 W51,17.61,37.04,32163045,37.728,17.7,1136.103
"MZ",2021 W52,18.92,37.04,32163045,37.728,17.7,1136.103
"MZ",2022 W01,20.18,37.04,32163045,37.728,17.7,1136.103
"MZ",2022 W02,22.97,37.04,32163045,37.728,17.7,1136.103
"MZ",2022 W03,26.89,38.6257142857143,32163045,37.728,17.7,1136.103
"MZ",2022 W04,28.05,38.89,32163045,37.728,17.7,1136.103
"MZ",2022 W05,28.05,38.89,32163045,37.728,17.7,1136.103
"MZ",2022 W06,29.95,38.89,32163045,37.728,17.7,1136.103
"MZ",2022 W07,31.85,42.0614285714286,32163045,37.728,17.7,1136.103
"MW",2021 W47,3.03166666666667,40.0757142857143,19647681,197.519,18.1,1095.042
"MW",2021 W48,3.09666666666667,39.81,19647681,197.519,18.1,1095.042
"MW",2021 W49,3.18428571428571,39.81,19647681,197.519,18.1,1095.042
"MW",2021 W50,3.28285714285714,39.81,19647681,197.519,18.1,1095.042
"MW",2021 W51,3.38428571428571,39.81,19647681,197.519,18.1,1095.042
"MW",2021 W52,3.53428571428571,39.81,19647681,197.519,18.1,1095.042
"MW",2022 W01,3.70571428571429,39.81,19647681,197.519,18.1,1095.042
"MW",2022 W02,3.844,36.6385714285714,19647681,197.519,18.1,1095.042
"MW",2022 W03,3.896,36.11,19647681,197.519,18.1,1095.042
"MW",2022 W04,3.92,36.11,19647681,197.519,18.1,1095.042
"MW",2022 W05,3.96,36.11,19647681,197.519,18.1,1095.042
"MW",2022 W06,3.99,36.11,19647681,197.519,18.1,1095.042
"MW",2022 W07,4.06,37.6957142857143,19647681,197.519,18.1,1095.042
"MY",2021 W47,77.6142857142857,55.09,32776195,96.254,29.9,26808.164
"MY",2021 W48,77.7657142857143,53.24,32776195,96.254,29.9,26808.164
"MY",2021 W49,77.9057142857143,53.24,32776195,96.254,29.9,26808.164
"MY",2021 W50,78.0171428571429,53.24,32776195,96.254,29.9,26808.164
"MY",2021 W51,78.1085714285714,50.8571428571429,32776195,96.254,29.9,26808.164
"MY",2021 W52,78.1928571428572,50.46,32776195,96.254,29.9,26808.164
"MY",2022 W01,78.2685714285714,50.46,32776195,96.254,29.9,26808.164
"MY",2022 W02,78.33,64.81,32776195,96.254,29.9,26808.164
"MY",2022 W03,78.3842857142857,64.81,32776195,96.254,29.9,26808.164
"MY",2022 W04,78.4342857142857,63.29,32776195,96.254,29.9,26808.164
"MY",2022 W05,78.4671428571429,54.17,32776195,96.254,29.9,26808.164
"MY",2022 W06,78.5,54.17,32776195,96.254,29.9,26808.164
"MY",2022 W07,78.5328571428571,54.17,32776195,96.254,29.9,26808.164
"NI",2021 W47,36.115,8.33,6702379,51.667,27.3,5321.444
"NI",2021 W48,34.65,8.33,6702379,51.667,27.3,5321.444
"NI",2021 W49,37.58,8.33,6702379,51.667,27.3,5321.444
"NI",2021 W50,39.98,8.33,6702379,51.667,27.3,5321.444
"NI",2021 W51,41.665,8.33,6702379,51.667,27.3,5321.444
"NI",2021 W52,43.35,8.33,6702379,51.667,27.3,5321.444
"NI",2022 W01,45.34,8.33,6702379,51.667,27.3,5321.444
"NI",2022 W02,46.85,8.33,6702379,51.667,27.3,5321.444
"NI",2022 W03,49.4,8.33,6702379,51.667,27.3,5321.444
"NI",2022 W04,51.61,8.33,6702379,51.667,27.3,5321.444
"NI",2022 W05,53.74,8.33,6702379,51.667,27.3,5321.444
"NI",2022 W06,55.67,8.33,6702379,51.667,27.3,5321.444
"NI",2022 W07,57.03,8.33,6702379,51.667,27.3,5321.444
"NL",2021 W47,70.12,53.8371428571429,17173094,508.544,43.2,48472.545
"NL",2021 W48,70.46,56.48,17173094,508.544,43.2,48472.545
"NL",2021 W49,70.78,56.48,17173094,508.544,43.2,48472.545
"NL",2021 W50,71.04,57.5385714285714,17173094,508.544,43.2,48472.545
"NL",2021 W51,71.19,63.89,17173094,508.544,43.2,48472.545
"NL",2021 W52,71.33,65.4757142857143,17173094,508.544,43.2,48472.545
"NL",2022 W01,71.48,69.44,17173094,508.544,43.2,48472.545
"NL",2022 W02,71.6,63.6228571428571,17173094,508.544,43.2,48472.545
"NL",2022 W03,71.68,58.33,17173094,508.544,43.2,48472.545
"NL",2022 W04,71.77,58.33,17173094,508.544,43.2,48472.545
"NL",2022 W05,71.84,58.33,17173094,508.544,43.2,48472.545
"NL",2022 W06,71.9,58.33,17173094,508.544,43.2,48472.545
"NL",2022 W07,71.93,48.8071428571429,17173094,508.544,43.2,48472.545
"NO",2021 W47,69.9814285714286,21.1642857142857,5465629,14.462,39.7,64800.057
"NO",2021 W48,70.55,28.1085714285714,5465629,14.462,39.7,64800.057
"NO",2021 W49,70.9928571428571,38.16,5465629,14.462,39.7,64800.057
"NO",2021 W50,71.3914285714286,50.6614285714286,5465629,14.462,39.7,64800.057
"NO",2021 W51,71.6985714285714,52.6442857142857,5465629,14.462,39.7,64800.057
"NO",2021 W52,71.8157142857143,51.85,5465629,14.462,39.7,64800.057
"NO",2022 W01,72.0585714285714,51.85,5465629,14.462,39.7,64800.057
"NO",2022 W02,72.4157142857143,50.2642857142857,5465629,14.462,39.7,64800.057
"NO",2022 W03,72.7171428571429,48.15,5465629,14.462,39.7,64800.057
"NO",2022 W04,72.9771428571429,46.1642857142857,5465629,14.462,39.7,64800.057
"NO",2022 W05,73.2071428571429,27.91,5465629,14.462,39.7,64800.057
"NO",2022 W06,73.37,21.8257142857143,5465629,14.462,39.7,64800.057
"NO",2022 W07,73.4742857142857,13.89,5465629,14.462,39.7,64800.057
"NZ",2021 W47,69.5014285714286,78.24,5126300,18.206,37.9,36085.843
"NZ",2021 W48,71.2814285714286,72.6857142857143,5126300,18.206,37.9,36085.843
"NZ",2021 W49,72.7985714285714,65.28,5126300,18.206,37.9,36085.843
"NZ",2021 W50,73.8342857142857,62.63,5126300,18.206,37.9,36085.843
"NZ",2021 W51,74.6714285714286,61.57,5126300,18.206,37.9,36085.843
"NZ",2021 W52,75.1,61.57,5126300,18.206,37.9,36085.843
"NZ",2022 W01,75.4457142857143,61.57,5126300,18.206,37.9,36085.843
"NZ",2022 W02,75.8885714285714,61.57,5126300,18.206,37.9,36085.843
"NZ",2022 W03,76.2114285714286,59.1957142857143,5126300,18.206,37.9,36085.843
"NZ",2022 W04,76.47,61.3757142857143,5126300,18.206,37.9,36085.843
"NZ",2022 W05,76.6957142857143,61.11,5126300,18.206,37.9,36085.843
"NZ",2022 W06,76.8785714285714,61.11,5126300,18.206,37.9,36085.843
"NZ",2022 W07,77.0642857142857,61.11,5126300,18.206,37.9,36085.843
"PK",2021 W47,22.044,44.91,225199929,255.573,23.5,5034.708
"PK",2021 W48,22.69,43.06,225199929,255.573,23.5,5034.708
"PK",2021 W49,24.502,54.17,225199929,255.573,23.5,5034.708
"PK",2021 W50,26.152,54.17,225199929,255.573,23.5,5034.708
"PK",2021 W51,28.0675,54.17,225199929,255.573,23.5,5034.708
"PK",2021 W52,30.88,54.17,225199929,255.573,23.5,5034.708
"PK",2022 W01,32.41,54.17,225199929,255.573,23.5,5034.708
"PK",2022 W02,33.7175,54.17,225199929,255.573,23.5,5034.708
"PK",2022 W03,34.7125,60.5185714285714,225199929,255.573,23.5,5034.708
"PK",2022 W04,35.7,65.28,225199929,255.573,23.5,5034.708
"PK",2022 W05,37.366,65.28,225199929,255.573,23.5,5034.708
"PK",2022 W06,39.634,65.28,225199929,255.573,23.5,5034.708
"PK",2022 W07,41.755,65.28,225199929,255.573,23.5,5034.708
"PA",2021 W47,62.45,49.7371428571429,4381583,55.133,29.7,22267.037
"PA",2021 W48,62.91,60.8485714285714,4381583,55.133,29.7,22267.037
"PA",2021 W49,63.21,62.04,4381583,55.133,29.7,22267.037
"PA",2021 W50,63.73,60.0542857142857,4381583,55.133,29.7,22267.037
"PA",2021 W51,64,59.26,4381583,55.133,29.7,22267.037
"PA",2021 W52,64.11,57.6714285714286,4381583,55.133,29.7,22267.037
"PA",2022 W01,64.38,53.7,4381583,55.133,29.7,22267.037
"PA",2022 W02,64.57,48.15,4381583,55.133,29.7,22267.037
"PA",2022 W03,64.94,48.15,4381583,55.133,29.7,22267.037
"PA",2022 W04,65.17,48.15,4381583,55.133,29.7,22267.037
"PA",2022 W05,65.81,48.15,4381583,55.133,29.7,22267.037
"PA",2022 W06,65.99,48.15,4381583,55.133,29.7,22267.037
"PA",2022 W07,66.62,48.15,4381583,55.133,29.7,22267.037
"PE",2021 W47,54.1628571428571,63.0957142857143,33359415,25.129,29.1,12236.706
"PE",2021 W48,57.0457142857143,63.89,33359415,25.129,29.1,12236.706
"PE",2021 W49,59.2585714285714,63.89,33359415,25.129,29.1,12236.706
"PE",2021 W50,61.9728571428571,63.89,33359415,25.129,29.1,12236.706
"PE",2021 W51,63.6571428571429,65.4771428571429,33359415,25.129,29.1,12236.706
"PE",2021 W52,64.7042857142857,70.9028571428571,33359415,25.129,29.1,12236.706
"PE",2022 W01,65.8671428571429,68.52,33359415,25.129,29.1,12236.706
"PE",2022 W02,67.12,68.52,33359415,25.129,29.1,12236.706
"PE",2022 W03,67.91,68.52,33359415,25.129,29.1,12236.706
"PE",2022 W04,68.4757142857143,68.52,33359415,25.129,29.1,12236.706
"PE",2022 W05,68.9657142857143,61.11,33359415,25.129,29.1,12236.706
"PE",2022 W06,69.4171428571429,61.11,33359415,25.129,29.1,12236.706
"PE",2022 W07,70.1642857142857,66.67,33359415,25.129,29.1,12236.706
"PH",2021 W47,32.13,33.33,111046910,351.873,25.2,7599.188
"PH",2021 W48,33.49,45.1042857142857,111046910,351.873,25.2,7599.188
"PH",2021 W49,35.24,74.54,111046910,351.873,25.2,7599.188
"PH",2021 W50,38.298,74.54,111046910,351.873,25.2,7599.188
"PH",2021 W51,41.145,74.54,111046910,351.873,25.2,7599.188
"PH",2021 W52,43.8666666666667,73.7457142857143,111046910,351.873,25.2,7599.188
"PH",2022 W01,46.3225,71.76,111046910,351.873,25.2,7599.188
"PH",2022 W02,48.584,71.76,111046910,351.873,25.2,7599.188
"PH",2022 W03,50.816,71.76,111046910,351.873,25.2,7599.188
"PH",2022 W04,52.225,78.24,111046910,351.873,25.2,7599.188
"PH",2022 W05,53.4325,78.24,111046910,351.873,25.2,7599.188
"PH",2022 W06,54.16,78.24,111046910,351.873,25.2,7599.188
"PH",2022 W07,55.755,78.24,111046910,351.873,25.2,7599.188
"PG",2021 W47,1.99,69.44,9119005,18.22,22.6,3823.194
"PG",2021 W48,2.17,63.89,9119005,18.22,22.6,3823.194
"PG",2021 W49,2.27,62.3014285714286,9119005,18.22,22.6,3823.194
"PG",2021 W50,2.37,52.78,9119005,18.22,22.6,3823.194
"PG",2021 W51,2.41,52.78,9119005,18.22,22.6,3823.194
"PG",2021 W52,2.435,54.2342857142857,9119005,18.22,22.6,3823.194
"PG",2022 W01,2.46,57.87,9119005,18.22,22.6,3823.194
"PG",2022 W02,2.48,57.87,9119005,18.22,22.6,3823.194
"PG",2022 W03,2.49,60.2528571428571,9119005,18.22,22.6,3823.194
"PG",2022 W04,2.53,60.65,9119005,18.22,22.6,3823.194
"PG",2022 W05,2.53,60.65,9119005,18.22,22.6,3823.194
"PG",2022 W06,2.57,51.1271428571429,9119005,18.22,22.6,3823.194
"PG",2022 W07,2.6,47.5542857142857,9119005,18.22,22.6,3823.194
"PL",2021 W47,53.828,41.67,37797000,124.027,41.8,27216.445
"PL",2021 W48,54.19,44.0442857142857,37797000,124.027,41.8,27216.445
"PL",2021 W49,54.614,44.44,37797000,124.027,41.8,27216.445
"PL",2021 W50,54.9814285714286,42.06,37797000,124.027,41.8,27216.445
"PL",2021 W51,55.3085714285714,39.81,37797000,124.027,41.8,27216.445
"PL",2021 W52,55.648,41.3985714285714,37797000,124.027,41.8,27216.445
"PL",2022 W01,55.9971428571429,45.37,37797000,124.027,41.8,27216.445
"PL",2022 W02,56.545,42.4614285714286,37797000,124.027,41.8,27216.445
"PL",2022 W03,56.97,44.44,37797000,124.027,41.8,27216.445
"PL",2022 W04,57.3283333333333,44.18,37797000,124.027,41.8,27216.445
"PL",2022 W05,57.7242857142857,45.37,37797000,124.027,41.8,27216.445
"PL",2022 W06,58.0771428571429,45.37,37797000,124.027,41.8,27216.445
"PL",2022 W07,58.375,45.37,37797000,124.027,41.8,27216.445
"PT",2021 W47,88.5742857142857,40.74,10167923,112.371,46.2,27936.896
"PT",2021 W48,88.4514285714286,42.7257142857143,10167923,112.371,46.2,27936.896
"PT",2021 W49,88.6971428571429,43.52,10167923,112.371,46.2,27936.896
"PT",2021 W50,88.9457142857143,43.52,10167923,112.371,46.2,27936.896
"PT",2021 W51,89.2385714285714,46.4285714285714,10167923,112.371,46.2,27936.896
"PT",2021 W52,89.4585714285714,44.1785714285714,10167923,112.371,46.2,27936.896
"PT",2022 W01,89.7042857142857,42.59,10167923,112.371,46.2,27936.896
"PT",2022 W02,90.0442857142857,34.13,10167923,112.371,46.2,27936.896
"PT",2022 W03,90.2485714285714,31.48,10167923,112.371,46.2,27936.896
"PT",2022 W04,90.4071428571429,31.48,10167923,112.371,46.2,27936.896
"PT",2022 W05,90.6028571428571,31.48,10167923,112.371,46.2,27936.896
"PT",2022 W06,91.2442857142857,30.6857142857143,10167923,112.371,46.2,27936.896
"PT",2022 W07,91.3871428571429,20.2371428571429,10167923,112.371,46.2,27936.896
"PY",2021 W47,37.5825,40.74,7219641,17.144,26.5,8827.01
"PY",2021 W48,36.815,46.3,7219641,17.144,26.5,8827.01
"PY",2021 W49,38.35,43.1228571428571,7219641,17.144,26.5,8827.01
"PY",2021 W50,39.77,40.74,7219641,17.144,26.5,8827.01
"PY",2021 W51,40.3,40.74,7219641,17.144,26.5,8827.01
"PY",2021 W52,40.83,39.9471428571429,7219641,17.144,26.5,8827.01
"PY",2022 W01,41.59,35.19,7219641,17.144,26.5,8827.01
"PY",2022 W02,42.17,35.19,7219641,17.144,26.5,8827.01
"PY",2022 W03,42.59,35.19,7219641,17.144,26.5,8827.01
"PY",2022 W04,42.78,35.19,7219641,17.144,26.5,8827.01
"PY",2022 W05,43.18,35.19,7219641,17.144,26.5,8827.01
"PY",2022 W06,43.57,35.19,7219641,17.144,26.5,8827.01
"PY",2022 W07,43.9,35.19,7219641,17.144,26.5,8827.01
"RO",2021 W47,38.2228571428571,57.6685714285714,19127772,85.129,43,23313.199
"RO",2021 W48,39.0414285714286,58.33,19127772,85.129,43,23313.199
"RO",2021 W49,39.6957142857143,52.78,19127772,85.129,43,23313.199
"RO",2021 W50,40.2171428571429,52.78,19127772,85.129,43,23313.199
"RO",2021 W51,40.5842857142857,52.78,19127772,85.129,43,23313.199
"RO",2021 W52,40.8214285714286,52.78,19127772,85.129,43,23313.199
"RO",2022 W01,41.0728571428571,52.78,19127772,85.129,43,23313.199
"RO",2022 W02,41.3242857142857,52.78,19127772,85.129,43,23313.199
"RO",2022 W03,41.4814285714286,52.78,19127772,85.129,43,23313.199
"RO",2022 W04,41.62,52.78,19127772,85.129,43,23313.199
"RO",2022 W05,41.7757142857143,48.0142857142857,19127772,85.129,43,23313.199
"RO",2022 W06,41.9057142857143,47.22,19127772,85.129,43,23313.199
"RO",2022 W07,41.9966666666667,47.22,19127772,85.129,43,23313.199
"RU",2021 W47,37.7114285714286,60.65,145912022,8.823,39.6,24765.954
"RU",2021 W48,39.4285714285714,58.7985714285714,145912022,8.823,39.6,24765.954
"RU",2021 W49,41.12,52.8414285714286,145912022,8.823,39.6,24765.954
"RU",2021 W50,42.7814285714286,54.17,145912022,8.823,39.6,24765.954
"RU",2021 W51,44.3433333333333,54.17,145912022,8.823,39.6,24765.954
"RU",2021 W52,45.48,54.17,145912022,8.823,39.6,24765.954
"RU",2022 W01,46.0175,51.7871428571429,145912022,8.823,39.6,24765.954
"RU",2022 W02,46.7233333333333,48.61,145912022,8.823,39.6,24765.954
"RU",2022 W03,47.336,48.61,145912022,8.823,39.6,24765.954
"RU",2022 W04,47.6675,48.61,145912022,8.823,39.6,24765.954
"RU",2022 W05,48.0471428571429,48.61,145912022,8.823,39.6,24765.954
"RU",2022 W06,48.455,40.28,145912022,8.823,39.6,24765.954
"RU",2022 W07,48.9275,40.28,145912022,8.823,39.6,24765.954
"SA",2021 W47,63.1771428571429,53.1728571428571,35340680,15.322,31.9,49045.411
"SA",2021 W48,63.7133333333333,51.85,35340680,15.322,31.9,49045.411
"SA",2021 W49,64.3242857142857,51.85,35340680,15.322,31.9,49045.411
"SA",2021 W50,64.7371428571429,49.4671428571429,35340680,15.322,31.9,49045.411
"SA",2021 W51,65.1357142857143,49.07,35340680,15.322,31.9,49045.411
"SA",2021 W52,65.5371428571429,49.07,35340680,15.322,31.9,49045.411
"SA",2022 W01,65.9171428571428,49.07,35340680,15.322,31.9,49045.411
"SA",2022 W02,66.2757142857143,49.07,35340680,15.322,31.9,49045.411
"SA",2022 W03,66.5633333333333,49.07,35340680,15.322,31.9,49045.411
"SA",2022 W04,66.8716666666667,49.07,35340680,15.322,31.9,49045.411
"SA",2022 W05,67.22,49.07,35340680,15.322,31.9,49045.411
"SA",2022 W06,67.5871428571429,49.07,35340680,15.322,31.9,49045.411
"SA",2022 W07,67.805,64.1557142857143,35340680,15.322,31.9,49045.411
"SG",2021 W47,83.5314285714286,44.44,5453600,7915.731,42.4,85535.383
"SG",2021 W48,83.8571428571429,44.44,5453600,7915.731,42.4,85535.383
"SG",2021 W49,84.27,44.44,5453600,7915.731,42.4,85535.383
"SG",2021 W50,84.65,44.44,5453600,7915.731,42.4,85535.383
"SG",2021 W51,84.9557142857143,44.44,5453600,7915.731,42.4,85535.383
"SG",2021 W52,85.2342857142857,44.44,5453600,7915.731,42.4,85535.383
"SG",2022 W01,85.4685714285714,44.44,5453600,7915.731,42.4,85535.383
"SG",2022 W02,85.6828571428571,44.44,5453600,7915.731,42.4,85535.383
"SG",2022 W03,86.0057142857143,57.94,5453600,7915.731,42.4,85535.383
"SG",2022 W04,86.6385714285714,60.19,5453600,7915.731,42.4,85535.383
"SG",2022 W05,87.3371428571429,60.19,5453600,7915.731,42.4,85535.383
"SG",2022 W06,88.2442857142857,60.19,5453600,7915.731,42.4,85535.383
"SG",2022 W07,89.1257142857143,60.19,5453600,7915.731,42.4,85535.383
"SV",2021 W47,61.9075,27.78,6518500,307.811,27.6,7292.458
"SV",2021 W48,62.44,27.78,6518500,307.811,27.6,7292.458
"SV",2021 W49,62.875,27.78,6518500,307.811,27.6,7292.458
"SV",2021 W50,63.26,27.78,6518500,307.811,27.6,7292.458
"SV",2021 W51,63.54,27.78,6518500,307.811,27.6,7292.458
"SV",2021 W52,63.77,27.78,6518500,307.811,27.6,7292.458
"SV",2022 W01,63.89,27.78,6518500,307.811,27.6,7292.458
"SV",2022 W02,64.135,34.1314285714286,6518500,307.811,27.6,7292.458
"SV",2022 W03,64.38,35.19,6518500,307.811,27.6,7292.458
"SV",2022 W04,64.485,32.8071428571429,6518500,307.811,27.6,7292.458
"SV",2022 W05,64.6725,32.41,6518500,307.811,27.6,7292.458
"SV",2022 W06,64.86,32.41,6518500,307.811,27.6,7292.458
"SV",2022 W07,64.94,32.41,6518500,307.811,27.6,7292.458
"RS",2021 W47,45.126,38.89,6871547,80.291,41.2,14048.881
"RS",2021 W48,45.515,35.7128571428571,6871547,80.291,41.2,14048.881
"RS",2021 W49,45.908,33.33,6871547,80.291,41.2,14048.881
"RS",2021 W50,46.16,29.3614285714286,6871547,80.291,41.2,14048.881
"RS",2021 W51,46.535,28.7,6871547,80.291,41.2,14048.881
"RS",2021 W52,46.775,28.7,6871547,80.291,41.2,14048.881
"RS",2022 W01,46.9,28.7,6871547,80.291,41.2,14048.881
"RS",2022 W02,47.02,28.7,6871547,80.291,41.2,14048.881
"RS",2022 W03,47.11,28.7,6871547,80.291,41.2,14048.881
"RS",2022 W04,47.2,35.0514285714286,6871547,80.291,41.2,14048.881
"RS",2022 W05,47.25,36.11,6871547,80.291,41.2,14048.881
"RS",2022 W06,47.345,36.11,6871547,80.291,41.2,14048.881
"RS",2022 W07,47.4,36.11,6871547,80.291,41.2,14048.881
"SR",2021 W47,36.6525,75,591798,3.612,29.6,13767.119
"SR",2021 W48,37.1825,75,591798,3.612,29.6,13767.119
"SR",2021 W49,37.665,75,591798,3.612,29.6,13767.119
"SR",2021 W50,38.015,75,591798,3.612,29.6,13767.119
"SR",2021 W51,38.2933333333333,75,591798,3.612,29.6,13767.119
"SR",2021 W52,38.485,59.3957142857143,591798,3.612,29.6,13767.119
"SR",2022 W01,38.7375,60.19,591798,3.612,29.6,13767.119
"SR",2022 W02,38.985,60.19,591798,3.612,29.6,13767.119
"SR",2022 W03,39.09,60.19,591798,3.612,29.6,13767.119
"SR",2022 W04,39.2633333333333,60.19,591798,3.612,29.6,13767.119
"SR",2022 W05,39.41,60.19,591798,3.612,29.6,13767.119
"SR",2022 W06,39.6,60.19,591798,3.612,29.6,13767.119
"SR",2022 W07,39.69,60.19,591798,3.612,29.6,13767.119
"SK",2021 W47,46.77,49.9342857142857,5449270,113.128,41.2,30155.152
"SK",2021 W48,47.18,62.96,5449270,113.128,41.2,30155.152
"SK",2021 W49,47.74,62.96,5449270,113.128,41.2,30155.152
"SK",2021 W50,48.13,62.96,5449270,113.128,41.2,30155.152
"SK",2021 W51,48.51,62.96,5449270,113.128,41.2,30155.152
"SK",2021 W52,48.95,60.8457142857143,5449270,113.128,41.2,30155.152
"SK",2022 W01,49.39,57.87,5449270,113.128,41.2,30155.152
"SK",2022 W02,49.64,56.02,5449270,113.128,41.2,30155.152
"SK",2022 W03,49.91,50.86,5449270,113.128,41.2,30155.152
"SK",2022 W04,50.15,46.3,5449270,113.128,41.2,30155.152
"SK",2022 W05,50.36,45.24,5449270,113.128,41.2,30155.152
"SK",2022 W06,50.51,42.59,5449270,113.128,41.2,30155.152
"SK",2022 W07,50.59,42.59,5449270,113.128,41.2,30155.152
"SI",2021 W47,54.93,56.8771428571429,2078723,102.619,44.5,31400.84
"SI",2021 W48,55.4385714285714,61.6428571428571,2078723,102.619,44.5,31400.84
"SI",2021 W49,56.0285714285714,62.04,2078723,102.619,44.5,31400.84
"SI",2021 W50,56.51,62.04,2078723,102.619,44.5,31400.84
"SI",2021 W51,56.9371428571429,60.0542857142857,2078723,102.619,44.5,31400.84
"SI",2021 W52,57.1714285714286,59.26,2078723,102.619,44.5,31400.84
"SI",2022 W01,57.3985714285714,50,2078723,102.619,44.5,31400.84
"SI",2022 W02,57.7314285714286,50,2078723,102.619,44.5,31400.84
"SI",2022 W03,57.9842857142857,62.96,2078723,102.619,44.5,31400.84
"SI",2022 W04,58.1385714285714,62.96,2078723,102.619,44.5,31400.84
"SI",2022 W05,58.3071428571429,62.96,2078723,102.619,44.5,31400.84
"SI",2022 W06,58.4442857142857,62.96,2078723,102.619,44.5,31400.84
"SI",2022 W07,58.5442857142857,61.9028571428571,2078723,102.619,44.5,31400.84
"SE",2021 W47,69.92,19.44,10160159,24.718,41,46949.283
"SE",2021 W48,70.62,19.44,10160159,24.718,41,46949.283
"SE",2021 W49,71.31,19.44,10160159,24.718,41,46949.283
"SE",2021 W50,71.94,19.44,10160159,24.718,41,46949.283
"SE",2021 W51,72.2,36.3714285714286,10160159,24.718,41,46949.283
"SE",2021 W52,72.37,49.07,10160159,24.718,41,46949.283
"SE",2022 W01,72.63,49.07,10160159,24.718,41,46949.283
"SE",2022 W02,73.16,51.72,10160159,24.718,41,46949.283
"SE",2022 W03,73.59,51.9857142857143,10160159,24.718,41,46949.283
"SE",2022 W04,73.85,50,10160159,24.718,41,46949.283
"SE",2022 W05,74.06,50,10160159,24.718,41,46949.283
"SE",2022 W06,74.26,28.1714285714286,10160159,24.718,41,46949.283
"SE",2022 W07,74.43,19.44,10160159,24.718,41,46949.283
"SZ",2021 W47,22.24,61.11,1172369,79.492,21.5,7738.975
"SZ",2021 W48,23.41,61.11,1172369,79.492,21.5,7738.975
"SZ",2021 W49,24.13,53.9657142857143,1172369,79.492,21.5,7738.975
"SZ",2021 W50,25.05,49.07,1172369,79.492,21.5,7738.975
"SZ",2021 W51,25.55,46.3,1172369,79.492,21.5,7738.975
"SZ",2021 W52,25.7,50.2685714285714,1172369,79.492,21.5,7738.975
"SZ",2022 W01,26.2033333333333,60.19,1172369,79.492,21.5,7738.975
"SZ",2022 W02,26.76,60.19,1172369,79.492,21.5,7738.975
"SZ",2022 W03,27.725,60.19,1172369,79.492,21.5,7738.975
"SZ",2022 W04,28.16,60.19,1172369,79.492,21.5,7738.975
"SZ",2022 W05,28.56,60.19,1172369,79.492,21.5,7738.975
"SZ",2022 W06,28.67,60.19,1172369,79.492,21.5,7738.975
"SZ",2022 W07,28.615,60.19,1172369,79.492,21.5,7738.975
"TH",2021 W47,57.2414285714286,55.09,69950844,135.132,40.1,16277.671
"TH",2021 W48,60.4316666666667,42.3957142857143,69950844,135.132,40.1,16277.671
"TH",2021 W49,61.8857142857143,40.28,69950844,135.132,40.1,16277.671
"TH",2021 W50,63.3171428571429,44.58,69950844,135.132,40.1,16277.671
"TH",2021 W51,64.72,46.3,69950844,135.132,40.1,16277.671
"TH",2021 W52,66.0385714285714,46.3,69950844,135.132,40.1,16277.671
"TH",2022 W01,66.8171428571429,50.93,69950844,135.132,40.1,16277.671
"TH",2022 W02,67.8885714285714,48.2828571428571,69950844,135.132,40.1,16277.671
"TH",2022 W03,68.7357142857143,48.4142857142857,69950844,135.132,40.1,16277.671
"TH",2022 W04,69.38,48.15,69950844,135.132,40.1,16277.671
"TH",2022 W05,69.8228571428571,48.15,69950844,135.132,40.1,16277.671
"TH",2022 W06,70.2142857142857,48.15,69950844,135.132,40.1,16277.671
"TH",2022 W07,70.55,48.15,69950844,135.132,40.1,16277.671
"TL",2021 W47,32.13,42.9242857142857,1343875,87.176,18,6570.102
"TL",2021 W48,34.63,42.13,1343875,87.176,18,6570.102
"TL",2021 W49,36.44,40.74,1343875,87.176,18,6570.102
"TL",2021 W50,38.05,40.74,1343875,87.176,18,6570.102
"TL",2021 W51,39.66,40.74,1343875,87.176,18,6570.102
"TL",2021 W52,40.09,46.6971428571429,1343875,87.176,18,6570.102
"TL",2022 W01,40.52,49.07,1343875,87.176,18,6570.102
"TL",2022 W02,41.02,18.9157142857143,1343875,87.176,18,6570.102
"TL",2022 W03,41.48,32.9357142857143,1343875,87.176,18,6570.102
"TL",2022 W04,41.79,36.11,1343875,87.176,18,6570.102
"TL",2022 W05,42.01,36.11,1343875,87.176,18,6570.102
"TL",2022 W06,42.14,36.11,1343875,87.176,18,6570.102
"TL",2022 W07,42.31,36.11,1343875,87.176,18,6570.102
"TT",2021 W47,45.5357142857143,52.78,1403374,266.886,36.2,28763.071
"TT",2021 W48,46.0057142857143,52.78,1403374,266.886,36.2,28763.071
"TT",2021 W49,46.4571428571429,52.78,1403374,266.886,36.2,28763.071
"TT",2021 W50,46.8657142857143,52.3828571428571,1403374,266.886,36.2,28763.071
"TT",2021 W51,47.2557142857143,50,1403374,266.886,36.2,28763.071
"TT",2021 W52,47.54,49.2057142857143,1403374,266.886,36.2,28763.071
"TT",2022 W01,47.8914285714286,47.8842857142857,1403374,266.886,36.2,28763.071
"TT",2022 W02,48.315,48.15,1403374,266.886,36.2,28763.071
"TT",2022 W03,48.6028571428571,48.15,1403374,266.886,36.2,28763.071
"TT",2022 W04,48.9871428571429,48.9442857142857,1403374,266.886,36.2,28763.071
"TT",2022 W05,49.4066666666667,50.93,1403374,266.886,36.2,28763.071
"TT",2022 W06,49.655,50.93,1403374,266.886,36.2,28763.071
"TT",2022 W07,49.8185714285714,50.93,1403374,266.886,36.2,28763.071
"TN",2021 W47,42.3228571428571,16.67,11935764,74.228,32.7,10849.297
"TN",2021 W48,43.5,16.67,11935764,74.228,32.7,10849.297
"TN",2021 W49,44.4785714285714,16.67,11935764,74.228,32.7,10849.297
"TN",2021 W50,45.5414285714286,16.67,11935764,74.228,32.7,10849.297
"TN",2021 W51,47.32,16.67,11935764,74.228,32.7,10849.297
"TN",2021 W52,49.3014285714286,16.67,11935764,74.228,32.7,10849.297
"TN",2022 W01,50.515,16.67,11935764,74.228,32.7,10849.297
"TN",2022 W02,51.0071428571429,36.7728571428571,11935764,74.228,32.7,10849.297
"TN",2022 W03,51.6016666666667,55.56,11935764,74.228,32.7,10849.297
"TN",2022 W04,52.0842857142857,55.56,11935764,74.228,32.7,10849.297
"TN",2022 W05,52.47,55.56,11935764,74.228,32.7,10849.297
"TN",2022 W06,52.6414285714286,49.7371428571429,11935764,74.228,32.7,10849.297
"TN",2022 W07,52.7566666666667,43.9171428571429,11935764,74.228,32.7,10849.297
"TR",2021 W47,59.0714285714286,54.63,85042736,104.914,31.6,25129.341
"TR",2021 W48,59.4342857142857,54.63,85042736,104.914,31.6,25129.341
"TR",2021 W49,59.7557142857143,54.63,85042736,104.914,31.6,25129.341
"TR",2021 W50,60.0528571428571,49.07,85042736,104.914,31.6,25129.341
"TR",2021 W51,60.3428571428571,49.07,85042736,104.914,31.6,25129.341
"TR",2021 W52,60.6242857142857,49.07,85042736,104.914,31.6,25129.341
"TR",2022 W01,60.9216666666667,49.07,85042736,104.914,31.6,25129.341
"TR",2022 W02,61.1985714285714,53.8357142857143,85042736,104.914,31.6,25129.341
"TR",2022 W03,61.4,54.63,85042736,104.914,31.6,25129.341
"TR",2022 W04,61.54,54.63,85042736,104.914,31.6,25129.341
"TR",2022 W05,61.6871428571429,54.63,85042736,104.914,31.6,25129.341
"TR",2022 W06,61.83,59.9228571428571,85042736,104.914,31.6,25129.341
"TR",2022 W07,61.95,62.04,85042736,104.914,31.6,25129.341
"UA",2021 W47,24.3557142857143,57.41,43466822,77.39,41.4,7894.393
"UA",2021 W48,26.5471428571429,58.2042857142857,43466822,77.39,41.4,7894.393
"UA",2021 W49,28.1828571428571,60.19,43466822,77.39,41.4,7894.393
"UA",2021 W50,29.5014285714286,55.4242857142857,43466822,77.39,41.4,7894.393
"UA",2021 W51,30.5814285714286,51.85,43466822,77.39,41.4,7894.393
"UA",2021 W52,31.44,51.85,43466822,77.39,41.4,7894.393
"UA",2022 W01,32.0428571428571,61.3728571428571,43466822,77.39,41.4,7894.393
"UA",2022 W02,32.67,62.96,43466822,77.39,41.4,7894.393
"UA",2022 W03,33.1785714285714,73.28,43466822,77.39,41.4,7894.393
"UA",2022 W04,33.56,75,43466822,77.39,41.4,7894.393
"UA",2022 W05,33.9171428571429,75,43466822,77.39,41.4,7894.393
"UA",2022 W06,34.3142857142857,75,43466822,77.39,41.4,7894.393
"UA",2022 W07,34.7057142857143,75,43466822,77.39,41.4,7894.393
"UY",2021 W47,76.2942857142857,30.6857142857143,3485152,19.751,35.6,20551.409
"UY",2021 W48,76.43,28.7,3485152,19.751,35.6,20551.409
"UY",2021 W49,76.5628571428571,28.7,3485152,19.751,35.6,20551.409
"UY",2021 W50,76.6914285714286,28.7,3485152,19.751,35.6,20551.409
"UY",2021 W51,76.7914285714286,28.7,3485152,19.751,35.6,20551.409
"UY",2021 W52,76.8342857142857,27.9085714285714,3485152,19.751,35.6,20551.409
"UY",2022 W01,76.8942857142857,25.93,3485152,19.751,35.6,20551.409
"UY",2022 W02,77.0542857142857,25.93,3485152,19.751,35.6,20551.409
"UY",2022 W03,77.1828571428571,28.3042857142857,3485152,19.751,35.6,20551.409
"UY",2022 W04,77.2757142857143,28.7,3485152,19.751,35.6,20551.409
"UY",2022 W05,77.3514285714286,28.7,3485152,19.751,35.6,20551.409
"UY",2022 W06,77.5342857142857,22.75,3485152,19.751,35.6,20551.409
"UY",2022 W07,77.6728571428571,20.37,3485152,19.751,35.6,20551.409
"US",2021 W47,60.0942857142857,50.46,332915074,35.608,38.3,54225.446
"US",2021 W48,60.6971428571429,48.88,332915074,35.608,38.3,54225.446
"US",2021 W49,61.4371428571429,47.69,332915074,35.608,38.3,54225.446
"US",2021 W50,61.9871428571429,47.69,332915074,35.608,38.3,54225.446
"US",2021 W51,62.3671428571429,47.69,332915074,35.608,38.3,54225.446
"US",2021 W52,62.6857142857143,50.46,332915074,35.608,38.3,54225.446
"US",2022 W01,63.03,50.46,332915074,35.608,38.3,54225.446
"US",2022 W02,63.3971428571429,50.46,332915074,35.608,38.3,54225.446
"US",2022 W03,63.7,54.4314285714286,332915074,35.608,38.3,54225.446
"US",2022 W04,64.0057142857143,56.02,332915074,35.608,38.3,54225.446
"US",2022 W05,64.3057142857143,58.4028571428571,332915074,35.608,38.3,54225.446
"US",2022 W06,64.5771428571429,58.8,332915074,35.608,38.3,54225.446
"US",2022 W07,64.8,58.8,332915074,35.608,38.3,54225.446
"ZA",2021 W47,23.534,46.6928571428571,60041996,46.754,27.3,12294.876
"ZA",2021 W48,24.4616666666667,54.63,60041996,46.754,27.3,12294.876
"ZA",2021 W49,25.316,54.63,60041996,46.754,27.3,12294.876
"ZA",2021 W50,25.85,54.63,60041996,46.754,27.3,12294.876
"ZA",2021 W51,26.21,45.8957142857143,60041996,46.754,27.3,12294.876
"ZA",2021 W52,26.364,44.44,60041996,46.754,27.3,12294.876
"ZA",2022 W01,26.655,48.4085714285714,60041996,46.754,27.3,12294.876
"ZA",2022 W02,26.8808333333333,43.7842857142857,60041996,46.754,27.3,12294.876
"ZA",2022 W03,27.1066666666667,41.67,60041996,46.754,27.3,12294.876
"ZA",2022 W04,27.518,41.67,60041996,46.754,27.3,12294.876
"ZA",2022 W05,27.815,41.67,60041996,46.754,27.3,12294.876
"ZA",2022 W06,28.1375,41.67,60041996,46.754,27.3,12294.876
"ZA",2022 W07,28.342,41.14,60041996,46.754,27.3,12294.876
"ZM",2021 W47,3.475,43.52,18920657,22.995,17.7,3689.251
"ZM",2021 W48,3.76333333333333,38.7542857142857,18920657,22.995,17.7,3689.251
"ZM",2021 W49,4.154,37.96,18920657,22.995,17.7,3689.251
"ZM",2021 W50,4.76166666666667,37.96,18920657,22.995,17.7,3689.251
"ZM",2021 W51,5.445,37.96,18920657,22.995,17.7,3689.251
"ZM",2021 W52,6.31,37.96,18920657,22.995,17.7,3689.251
"ZM",2022 W01,6.82,37.96,18920657,22.995,17.7,3689.251
"ZM",2022 W02,7.3625,37.96,18920657,22.995,17.7,3689.251
"ZM",2022 W03,8.23,37.96,18920657,22.995,17.7,3689.251
"ZM",2022 W04,8.5875,29.2342857142857,18920657,22.995,17.7,3689.251
"ZM",2022 W05,8.88666666666667,27.78,18920657,22.995,17.7,3689.251
"ZM",2022 W06,9.16,27.78,18920657,22.995,17.7,3689.251
"ZM",2022 W07,9.51,27.78,18920657,22.995,17.7,3689.251
"ZW",2021 W47,18.3957142857143,47.22,15092171,42.729,19.6,1899.775
"ZW",2021 W48,18.8628571428571,59.3914285714286,15092171,42.729,19.6,1899.775
"ZW",2021 W49,19.4814285714286,63.89,15092171,42.729,19.6,1899.775
"ZW",2021 W50,20.0885714285714,63.89,15092171,42.729,19.6,1899.775
"ZW",2021 W51,20.5128571428571,54.3671428571429,15092171,42.729,19.6,1899.775
"ZW",2021 W52,20.7266666666667,52.78,15092171,42.729,19.6,1899.775
"ZW",2022 W01,20.9928571428571,51.06,15092171,42.729,19.6,1899.775
"ZW",2022 W02,21.2957142857143,40.74,15092171,42.729,19.6,1899.775
"ZW",2022 W03,21.5642857142857,40.74,15092171,42.729,19.6,1899.775
"ZW",2022 W04,21.77,40.74,15092171,42.729,19.6,1899.775
"ZW",2022 W05,21.9571428571429,50,15092171,42.729,19.6,1899.775
"ZW",2022 W06,22.1228571428571,50,15092171,42.729,19.6,1899.775
"ZW",2022 W07,22.2785714285714,50,15092171,42.729,19.6,1899.775
